fill_id,date,symbol,side,shares,mkt_px,fill_px,slippage_pct,commission,sec,taf,total_fees,cash_after,reason,notional
1,2006-01-31,VRTX,BUY,139.83776581760907,35.72,35.75572,0.001,1.0,0.0,0.0,1.0,4999.0,entry_new,5000.0
2,2006-01-31,ISRG,BUY,326.99415716428206,15.2522,15.2674522,0.001,1.6349707858214104,0.0,0.0,1.6349707858214104,4.997365029214961,entry_new,4992.367664184963
3,2006-02-28,ISRG,SELL,326.99415716428206,10.0222,10.0121778,0.001,1.6349707858214104,0.09101507722230022,0.05428103008927082,1.7802668931329815,3277.1407392260176,exit_rank_or_left_ndx,3273.9236410899357
4,2006-02-28,VRTX,SELL,32.02410100286077,43.24,43.196760000000005,0.001,1.0,0.03845677986557015,0.0053160007664748874,1.0437727806320451,4659.434371681722,rebalance_trim,1383.337405236336
5,2006-02-28,AKAM,BUY,175.4387475660204,26.5,26.5265,0.001,1.0,0.0,0.0,1.0,4.658434371682233,entry_new,4653.77593731004
6,2006-03-31,AKAM,SELL,27.67740920497244,32.89,32.85711,0.001,1.0,0.02528131106960562,0.004594449928025425,1.029875760997631,913.0282373734767,rebalance_trim,909.3996787627921
7,2006-03-31,VRTX,BUY,24.875813149302274,36.59,36.62659,0.001,1.0,0.0,0.0,1.0,0.9120282373735336,rebalance_add,911.1162091361032
8,2006-05-31,VRTX,SELL,132.68947796405058,34.5,34.4655,0.001,1.0,0.1271352158370056,0.022026453342032397,1.149161669179038,4572.97206933818,exit_rank_or_left_ndx,4573.2092027699855
9,2006-05-31,TCOM,BUY,771.6102203663153,5.9097,5.915609699999999,0.001,3.8580511018315766,0.0,0.0,3.8580511018315766,4.569114018236178,entry_new,4564.544904218112
10,2006-06-30,AKAM,SELL,6.63798833359602,36.19,36.15381,0.001,1.0,0.00667168221806231,0.0011019060633769393,1.0077735882814394,243.54990942500186,rebalance_trim,239.98856899504713
11,2006-06-30,TCOM,BUY,38.41269724381604,6.3017,6.308001699999999,0.001,1.0,0.0,0.0,1.0,0.24254990942498011,rebalance_add,242.30735951557688
12,2006-07-31,AKAM,SELL,6.705180702124593,39.63,39.59037,0.001,1.0,0.0073798042606084335,0.0011130599965526824,1.0084928642571611,264.6946419591402,rebalance_trim,265.4605849139724
13,2006-07-31,TCOM,BUY,42.120323229456375,6.248,6.254248,0.001,1.0,0.0,0.0,1.0,0.26369464195914816,rebalance_add,263.43094731718105
14,2006-10-31,TCOM,SELL,852.1432408395876,6.0487,6.0426513,0.001,4.260716204197938,0.14314788404486622,0.14145577797937153,4.545319866222176,5144.922836821283,exit_rank_or_left_ndx,5149.204462045547
15,2006-10-31,AKAM,SELL,12.312340778527062,46.86,46.81314,0.001,1.0,0.016023345446082516,0.002043848569235492,1.018067194015318,5720.284102220165,rebalance_trim,576.3793325928963
16,2006-10-31,ORCL,BUY,389.266032438025,14.6607,14.675360699999999,0.001,1.946330162190125,0.0,0.0,1.946330162190125,5.718337772058476,entry_new,5712.619434285916
17,2007-01-31,AKAM,SELL,122.10582854680031,56.18,56.12382,0.001,1.0,0.19051466607625922,0.02026956753876885,1.210784233615028,6857.553095849926,exit_rank_or_left_ndx,6853.045542311483
18,2007-01-31,ORCL,SELL,389.266032438025,13.6209,13.607279100000001,0.001,1.946330162190125,0.14725247302144132,0.06461816138471214,2.1582007965962786,12152.24644258719,exit_rank_or_left_ndx,5296.85154753386
19,2007-01-31,WYNN,BUY,95.27839519508309,63.7086,63.77230859999999,0.001,1.0,0.0,0.0,1.0,6075.123221293595,entry_new,6076.123221293595
20,2007-01-31,EXPE,BUY,214.597748074279,28.2478,28.276047799999997,0.001,1.072988740371395,0.0,0.0,1.072988740371395,6.074050232553418,entry_new,6067.97618232067
21,2007-02-28,EXPE,SELL,214.597748074279,27.9976,27.9696024,0.001,1.072988740371395,0.166861540570128,0.035623226180330314,1.2754735071218533,6007.01226629838,exit_rank_or_left_ndx,6002.213689572949
22,2007-02-28,WYNN,BUY,6.098052573310828,55.8861,55.941986099999994,0.001,1.0,0.0,0.0,1.0,5664.875094005157,rebalance_add,341.13717229322356
23,2007-02-28,RYAAY,BUY,389.2859243828145,14.5179,14.532417899999997,0.001,1.9464296219140726,0.0,0.0,1.9464296219140726,5.662928664383799,entry_new,5657.265735718859
24,2007-05-31,WYNN,SELL,101.37644776839392,55.0195,54.9644805,0.001,1.0,0.15490448526539932,0.01682849032955339,1.1717329755949528,5576.594982213945,exit_rank_or_left_ndx,5572.103786525156
25,2007-05-31,RYAAY,SELL,389.2859243828145,13.3655,13.3521345,0.001,1.9464296219140726,0.1444987849925895,0.06462146344754721,2.1555498703542093,10772.23745365976,exit_rank_or_left_ndx,5197.798021316169
26,2007-05-31,LBTYA,BUY,646.0632753606338,8.3285,8.3368285,0.001,3.2303163768031693,0.0,0.0,3.2303163768031693,5382.888410453077,entry_new,5386.11872682988
27,2007-05-31,PCAR,BUY,258.3900556964238,20.7858,20.806585799999997,0.001,1.291950278482119,0.0,0.0,1.291950278482119,5.381596460174478,entry_new,5376.21486371442
28,2007-07-31,LBTYA,SELL,45.884394695559045,9.0941,9.085005899999999,0.001,1.0,0.011588707903452896,0.007616809519462801,1.0192055174229158,421.22238746983413,rebalance_trim,416.85999652708256
29,2007-07-31,PCAR,BUY,21.520383744621697,19.4877,19.5071877,0.001,1.0,0.0,0.0,1.0,0.42022238746983476,rebalance_add,419.8021650823643
30,2007-08-31,LBTYA,SELL,600.1788806650748,8.888,8.879112,0.001,3.0008944033253737,0.14814774294058336,0.0996296941904024,3.2486718404563595,5326.227052006847,exit_rank_or_left_ndx,5329.055501459833
31,2007-08-31,PCAR,SELL,279.9104394410455,20.4393,20.4188607,0.001,1.3995521972052276,0.15888957314554533,0.04646513294721356,1.6049069032979866,11040.074416526044,exit_rank_or_left_ndx,5715.452271422494
32,2007-08-31,GRMN,BUY,99.92285768915313,55.1878,55.242987799999995,0.001,1.0,0.0,0.0,1.0,5519.037208263022,entry_new,5520.037208263022
33,2007-08-31,ISRG,BUY,223.97942380530534,24.5866,24.611186599999996,0.001,1.1198971190265268,0.0,0.0,1.1198971190265268,5.517917311143719,entry_new,5512.399393832851
34,2007-10-31,ISRG,SELL,31.84282195316597,36.3188,36.28248120000001,0.001,1.0,0.03211835717060523,0.005285908444225551,1.0374042656148308,1159.8171019162205,rebalance_trim,1155.3365888706917
35,2007-10-31,GRMN,BUY,19.868945616576728,58.2065,58.26470649999999,0.001,1.0,0.0,0.0,1.0,1.1588171019161564,rebalance_add,1157.6582848143044
36,2007-11-30,GRMN,SELL,119.79180330572986,58.1794,58.1212206,0.001,1.0,0.19355599396291495,0.019885439348751154,1.213441433311666,6962.391201672739,exit_rank_or_left_ndx,6962.445826004135
37,2007-11-30,TCOM,BUY,466.4665004125889,14.891,14.905890999999999,0.001,2.3323325020629446,0.0,0.0,2.3323325020629446,6.960058869171007,entry_new,6953.098810301505
38,2008-02-29,TCOM,SELL,466.4665004125889,15.0173,15.0022827,0.001,2.3323325020629446,0.19454613219768727,0.07743343906848976,2.6043120733291216,7002.418056065168,exit_rank_or_left_ndx,6998.062309269326
39,2008-02-29,STLD,BUY,337.03954556751313,19.2974,19.3166974,0.001,1.6851977278375656,0.0,0.0,1.6851977278375656,490.24194477616766,entry_new,6510.490913561162
40,2008-02-29,ISRG,BUY,15.587351661739685,31.3244,31.355724399999996,0.001,1.0,0.0,0.0,1.0,0.48924194477609717,rebalance_add,488.75270283139156
41,2008-04-30,ISRG,SELL,207.72395351387905,32.14,32.10786,0.001,1.0386197675693953,0.18541409098234984,0.034482176283303925,1.258516034835049,6668.802343980078,exit_rank_or_left_ndx,6669.571618070137
42,2008-04-30,STLD,SELL,24.29951638502131,23.1202,23.0970798,0.001,1.0,0.015602690759485602,0.0040337197199135375,1.0196364104793991,7229.0305766158435,rebalance_trim,561.2478690462447
43,2008-04-30,CHRW,BUY,172.06100850293495,41.9246,41.96652459999999,0.001,1.0,0.0,0.0,1.0,7.22803057661622,entry_new,7220.802546039227
44,2008-06-30,CHRW,SELL,172.06100850293495,36.8097,36.7728903,0.001,1.0,0.1758956204182851,0.0285621274114872,1.2044577478297722,6333.204163414581,exit_rank_or_left_ndx,6327.180590585795
45,2008-06-30,STLD,SELL,34.507321433374415,25.985,25.959015,0.001,1.0,0.024902574876626307,0.005728215357940152,1.0306307902345664,7227.949607323134,rebalance_trim,895.776074698788
46,2008-06-30,BBBY,BUY,327.7602482629166,22.0035,22.025503499999996,0.001,1.6388012413145832,0.0,0.0,1.6388012413145832,7.226310806082438,entry_new,7219.084495275737
47,2008-07-31,STLD,SELL,278.23270774911737,21.07,21.04893,0.001,1.391163538745587,0.16281072193758128,0.046186629486353485,1.6001608901695217,5862.126939037541,exit_rank_or_left_ndx,5856.500789121628
48,2008-07-31,BBBY,BUY,30.72650946152787,15.0591,15.0741591,0.001,1.0,0.0,0.0,1.0,5397.950646826815,rebalance_add,463.1762922107264
49,2008-07-31,VRTX,BUY,156.12079793192282,34.5,34.534499999999994,0.001,1.0,0.0,0.0,1.0,5.396950646826554,entry_new,5391.553696179988
50,2008-09-30,BBBY,SELL,24.609828413520944,16.7973,16.7805027,0.001,1.0,0.011480435121481574,0.004085231516644476,1.015565666638126,417.34667711981336,rebalance_trim,412.9652921396249
51,2008-09-30,VRTX,BUY,12.500445716819089,33.24,33.27324,0.001,1.0,0.0,0.0,1.0,0.41634667711980455,rebalance_add,415.93033044269356
52,2008-10-31,BBBY,SELL,333.8769293109236,10.5227,10.512177300000001,0.001,1.6693846465546178,0.09757170266882868,0.055423570265613314,1.82237991948906,3508.3674440536265,exit_rank_or_left_ndx,3509.7734772959957
53,2008-10-31,VRTX,SELL,17.382589698204864,26.21,26.183790000000002,0.001,1.0,0.012652949777128077,0.002885509889902007,1.0155384596670303,3962.493983907919,rebalance_trim,455.1420783139596
54,2008-10-31,AMGN,BUY,98.3311009832416,40.2068,40.247006799999994,0.001,1.0,0.0,0.0,1.0,3.9614939839079852,entry_new,3957.532489924011
55,2008-12-31,VRTX,SELL,151.23865395053704,30.38,30.349619999999998,0.001,1.0,0.12760299181254628,0.025105616555789148,1.1527086083683356,4592.844462085837,exit_rank_or_left_ndx,4590.035676710298
56,2008-12-31,RYAAY,BUY,446.00955711077125,9.4132,9.422613199999999,0.001,2.2300477855538565,0.0,0.0,2.2300477855538565,388.0388741421766,entry_new,4202.575540158106
57,2008-12-31,AMGN,BUY,9.962975842165385,38.7701,38.80887009999999,0.001,1.0,0.0,0.0,1.0,0.3870388741421493,rebalance_add,386.65183526803446
58,2009-03-31,AMGN,SELL,108.29407682540699,33.245,33.211755,0.001,1.0,0.09998649045984934,0.01797681675301756,1.117963307212867,3595.9054230435236,exit_rank_or_left_ndx,3596.6363474765944
59,2009-03-31,AKAM,BUY,178.49081632084594,19.4,19.419399999999996,0.001,1.0,0.0,0.0,1.0,128.7208645824885,entry_new,3466.184558461035
60,2009-03-31,RYAAY,BUY,17.039271463882546,7.4807,7.488180699999999,0.001,1.0,0.0,0.0,1.0,0.12772086458249987,rebalance_add,127.59314371790602
61,2009-04-30,RYAAY,SELL,463.0488285746538,8.8532,8.844346799999999,0.001,2.315244142873269,0.11385113102189405,0.07686610554339253,2.505961379438556,4092.986184733131,exit_rank_or_left_ndx,4095.364425247987
62,2009-04-30,AKAM,BUY,3.6888272796255372,22.02,22.042019999999997,0.001,0.8130920467405167,0.0,0.0,0.8130920467405167,4010.8638880123385,rebalance_add,81.30920467405167
63,2009-04-30,MRVL,BUY,428.0761486113891,9.3458,9.355145799999999,0.001,2.1403807430569457,0.0,0.0,2.1403807430569457,4.008723507269224,entry_new,4004.7147837620123
64,2009-06-30,AKAM,SELL,182.17964360047148,19.18,19.16082,0.001,1.0,0.09704177577165947,0.030241820837678266,1.1272835966093377,3493.592798603446,exit_rank_or_left_ndx,3490.7113586927862
65,2009-06-30,MRVL,SELL,428.0761486113891,9.9075,9.8975925,0.001,2.1403807430569457,0.11778646712631419,0.07106064066949058,2.3292278508527504,7728.186848677564,exit_rank_or_left_ndx,4236.9232779249705
66,2009-06-30,JAVA,BUY,448.8956428527147,8.5994,8.607999399999999,0.001,2.2444782142635735,0.0,0.0,2.2444782142635735,3861.848946124519,entry_new,3864.0934243387815
67,2009-06-30,BIDU,BUY,127.97286400133444,30.109,30.139108999999998,0.001,1.0,0.0,0.0,1.0,3.860848946124406,entry_new,3856.9880971783946
68,2009-07-31,JAVA,SELL,448.8956428527147,8.5527,8.5441473,0.001,2.2444782142635735,0.10662496775715767,0.07451667671355064,2.4256198587342817,3836.8657239491768,exit_rank_or_left_ndx,3835.4304948617864
69,2009-07-31,BIDU,SELL,8.881219673023509,34.814,34.779186,0.001,1.0,0.00858690822743544,0.0014742824657219024,1.0100611906931574,4144.737253673427,rebalance_trim,308.88159091494384
70,2009-07-31,STX,BUY,664.7589716847189,6.2175,6.223717499999999,0.001,3.3237948584235943,0.0,0.0,3.3237948584235943,4.141413458814895,entry_new,4137.272045356189
71,2009-08-31,BIDU,SELL,119.09164432831093,33.006,32.972994,0.001,1.0,0.10916526445407336,0.019769212958499614,1.128934477412573,3929.8205528689327,exit_rank_or_left_ndx,3926.8080738875306
72,2009-08-31,STX,SELL,57.65139148894835,7.1522,7.1450477999999995,0.001,1.0,0.011451430152316365,0.009570130987165425,1.0210215611394817,4340.721479232842,rebalance_trim,411.9219479250491
73,2009-08-31,WYNN,BUY,133.88763299101544,32.3484,32.380748399999995,0.001,1.0,0.0,0.0,1.0,4.339721479233049,entry_new,4335.381757753609
74,2009-09-30,STX,SELL,607.1075801957705,7.8545,7.8466455,0.001,3.0355379009788526,0.1324324713480211,0.1007798583124979,3.2687502306393714,4764.828933407626,exit_rank_or_left_ndx,4763.757962159032
75,2009-09-30,WYNN,SELL,10.707313346532576,42.3642,42.321835799999995,0.001,1.0,0.012597657773248585,0.0017774140155244077,1.014375071788773,5216.967715646938,rebalance_trim,453.15315731110013
76,2009-09-30,EXPE,BUY,165.04532965112864,31.5401,31.571640099999996,0.001,1.0,0.0,0.0,1.0,5.2159677156469115,entry_new,5210.751747931291
77,2009-11-30,WYNN,SELL,123.18031964448286,40.961,40.920038999999996,0.001,1.0,0.14012710885199478,0.020447933060984157,1.160575041912979,5044.598876558438,exit_rank_or_left_ndx,5040.543483884704
78,2009-11-30,EXPE,SELL,165.04532965112864,33.5549,33.521345100000005,0.001,1.0,0.15380465237612917,0.027397524722087355,1.1812021770982166,10575.959126760086,exit_rank_or_left_ndx,5532.541452378747
79,2009-11-30,BKNG,BUY,629.8898096406847,8.3867,8.395086699999998,0.001,3.1494490482034236,0.0,0.0,3.1494490482034236,5284.8301143318395,entry_new,5287.979563380043
80,2009-11-30,STX,BUY,674.6153529736281,7.8132,7.821013199999999,0.001,3.3730767648681406,0.0,0.0,3.3730767648681406,5.2814570375667245,entry_new,5276.175580529404
81,2009-12-31,STX,SELL,674.6153529736281,9.3933,9.3839067,0.001,3.3730767648681406,0.17598866535324023,0.11198614859362226,3.661051578815003,6332.147936150845,exit_rank_or_left_ndx,6330.527530692094
82,2009-12-31,WYNN,BUY,158.41625559580723,36.9563,36.99325629999999,0.001,1.0,0.0,0.0,1.0,470.81479080884037,entry_new,5860.333145342005
83,2009-12-31,BKNG,BUY,54.80918090851969,8.5547,8.5632547,0.001,1.0,0.0,0.0,1.0,0.46981479080886857,rebalance_add,469.3449760180315
84,2010-03-31,WYNN,SELL,158.41625559580723,48.1263,48.0781737,0.001,1.0,0.21173492624559914,0.026297098428904,1.2380320246745031,7615.596036204952,exit_rank_or_left_ndx,7616.364253438817
85,2010-03-31,BIDU,BUY,120.93628828468262,59.7,59.759699999999995,0.001,1.0,0.0,0.0,1.0,387.4797291988043,entry_new,7227.1163070061475
86,2010-03-31,BKNG,BUY,38.61786799171768,9.9878,9.9977878,0.001,1.0,0.0,0.0,1.0,0.38647972919881113,rebalance_add,386.0932494696055
87,2010-04-30,BIDU,SELL,6.586128380952962,68.896,68.827104,0.001,1.0,0.012601855176322993,0.0010932973112381917,1.013695152487561,452.6769276099124,rebalance_trim,453.30414303320117
88,2010-04-30,BKNG,BUY,43.91801210113956,10.264,10.274263999999999,0.001,1.0,0.0,0.0,1.0,0.45167692760992395,rebalance_add,451.2252506823025
89,2010-06-30,BKNG,SELL,767.2348706420617,6.9147,6.9077853,0.001,3.8361743532103083,0.14733704655770805,0.12736098852658223,4.110872388294599,5296.23456560795,exit_rank_or_left_ndx,5299.893761068634
90,2010-06-30,BIDU,SELL,18.277940075190692,68.08,68.01192,0.001,1.0,0.03455867478881085,0.003034138052481655,1.0375928128412926,6538.314770953772,rebalance_trim,1243.1177981586634
91,2010-06-30,BBBY,BUY,425.7387637495086,15.3219,15.337221899999998,0.001,2.1286938187475433,0.0,0.0,2.1286938187475433,6.536186077135426,entry_new,6529.649891057888
92,2010-08-31,BBBY,SELL,425.7387637495086,11.8794,11.8675206,0.001,2.1286938187475433,0.14045848666264,0.07067263478241843,2.3398249401926017,5056.65991015277,exit_rank_or_left_ndx,5052.463549015827
93,2010-08-31,BIDU,SELL,15.79933884355185,78.43,78.35157000000001,0.001,1.0,0.034413703493248765,0.002622690248029607,1.0370363937412783,6293.5258771133,rebalance_trim,1237.903003354272
94,2010-08-31,WYNN,BUY,122.0263796144161,51.4639,51.5153639,0.001,1.0,0.0,0.0,1.0,6.292525877113803,entry_new,6286.2333512361865
95,2010-09-30,WYNN,SELL,122.0263796144161,55.3966,55.3412034,0.001,1.0,0.187735810104515,0.020256379015993073,1.207992189120508,6758.171228095008,exit_rank_or_left_ndx,6753.086694407015
96,2010-09-30,BIDU,SELL,7.2083015912315975,102.62,102.51738,0.001,1.0,0.020543538176044464,0.0011965780641444452,1.021740116240189,7496.125681361662,rebalance_trim,738.9761933828944
97,2010-09-30,NTAP,BUY,205.2723407311226,36.44,36.47644,0.001,1.026361703655613,0.0,0.0,1.026361703655613,7.495099319658038,entry_new,7487.604220338349
98,2010-11-30,NTAP,SELL,205.2723407311226,37.2744,37.2371256,0.001,1.026361703655613,0.21249630376550047,0.03407520856136635,1.2729332159824798,7649.974100114483,exit_rank_or_left_ndx,7643.751934010807
99,2010-11-30,BKNG,BUY,494.50384910235596,15.4341,15.4495341,0.001,2.47251924551178,0.0,0.0,2.47251924551178,7.647501580869175,entry_new,7639.854079288102
100,2010-12-31,BIDU,SELL,73.06457939375552,96.53,96.43347,0.001,1.0,0.1958752117158435,0.012128720179363417,1.208003931895207,7052.310422679315,exit_rank_or_left_ndx,7045.870925030341
101,2010-12-31,BKNG,SELL,21.93273355973681,15.6496,15.6339504,0.001,1.0,0.009532488467339673,0.0036408337709163104,1.013173322238256,7394.192517966418,rebalance_trim,342.89526860934075
102,2010-12-31,FFIV,BUY,56.68731487817999,130.16,130.29016,0.001,1.0,0.0,0.0,1.0,7.3931925179667815,entry_new,7385.799325448451
103,2011-01-31,BKNG,SELL,53.04394569886348,16.7843,16.7675157,0.001,1.0,0.02472574234581882,0.008805294986011339,1.0335310373318303,895.7748537762759,rebalance_trim,889.415192295641
104,2011-01-31,FFIV,BUY,8.239408487088662,108.38,108.48837999999998,0.001,1.0,0.0,0.0,1.0,0.8947748537761981,rebalance_add,893.8800789224997
105,2011-02-28,FFIV,SELL,64.92672336526866,118.01,117.89199,0.001,1.0,0.21279066928356635,0.010777836078634596,1.223568505362201,7654.011828059434,exit_rank_or_left_ndx,7654.34062171102
106,2011-02-28,BKNG,SELL,419.5271698437557,17.7776,17.7598224,0.001,2.0976358492187783,0.2071302391895127,0.06964151019406345,2.3744075986023545,15102.365448860568,exit_rank_or_left_ndx,7450.728028399737
107,2011-02-28,ILMN,BUY,111.74155840338412,67.5097,67.57720969999998,0.001,1.0,0.0,0.0,1.0,7550.182724430284,entry_new,7551.182724430284
108,2011-02-28,MU,BUY,693.948811215121,10.8533,10.8641533,0.001,3.4697440560756054,0.0,0.0,3.4697440560756054,7.546712980373741,entry_new,7539.1662673938345
109,2011-03-31,ILMN,SELL,111.74155840338412,68.1615,68.0933385,0.001,1.0,0.2115261901524405,0.01854909869496176,1.2300752888474022,7615.17239857068,exit_rank_or_left_ndx,7608.855760879154
110,2011-03-31,WYNN,BUY,86.7299722415259,87.6163,87.70391629999999,0.001,1.0,0.0,0.0,1.0,7.61417239857019,entry_new,7606.55822617211
111,2011-05-31,WYNN,SELL,86.7299722415259,101.3034,101.20209659999999,0.001,1.0,0.24400768980348178,0.014397175392093299,1.258404865195575,8783.610796435598,exit_rank_or_left_ndx,8777.255028902222
112,2011-05-31,VRTX,BUY,145.12162455349502,53.99,54.043989999999994,0.001,1.0,0.0,0.0,1.0,939.6591702827591,entry_new,7842.951626152839
113,2011-05-31,MU,BUY,94.1831946618969,9.9464,9.9563464,0.001,1.0,0.0,0.0,1.0,0.9386591702826763,rebalance_add,937.7205111124764
114,2011-06-30,VRTX,SELL,145.12162455349502,51.99,51.93801,0.001,1.0,0.20953772916626365,0.024090189675880173,1.233627918842144,7537.03341852711,exit_rank_or_left_ndx,7537.32838727567
115,2011-06-30,MU,SELL,788.132005877018,7.294,7.286706,0.001,3.9406600293850897,0.15965223680524762,0.13082991297558497,4.231142179165922,13275.688492364046,exit_rank_or_left_ndx,5742.886216016102
116,2011-06-30,EA,BUY,289.5372196041041,22.9028,22.925702799999996,0.001,1.4476860980205206,0.0,0.0,1.4476860980205206,6636.396560084003,entry_new,6637.844246182023
117,2011-06-30,BIIB,BUY,61.935456645149834,106.92,107.02691999999999,0.001,1.0,0.0,0.0,1.0,6.635396560083791,entry_new,6628.761163523919
118,2011-08-31,EA,SELL,289.5372196041041,21.913,21.891087,0.001,1.4476860980205206,0.17620430810174506,0.048063178454281284,1.671953584576547,6343.247907067055,exit_rank_or_left_ndx,6338.284464091548
119,2011-08-31,EXPE,BUY,150.940758742483,40.2986,40.33889859999999,0.001,1.0,0.0,0.0,1.0,253.46394554697054,entry_new,6088.783961520085
120,2011-08-31,BIIB,BUY,2.6747295337510004,94.2,94.29419999999999,0.001,1.0,0.0,0.0,1.0,0.25246394554699236,rebalance_add,252.21148160142354
121,2011-09-30,BIIB,SELL,4.565720109432587,93.15,93.05685000000001,0.001,1.0,0.011811428571959564,0.0007579095381658094,1.0125693381101253,424.1114259728888,rebalance_trim,424.8715313654519
122,2011-09-30,EXPE,BUY,12.334013374802984,34.2359,34.2701359,0.001,1.0,0.0,0.0,1.0,0.42311142597293383,rebalance_add,422.6883145469159
123,2011-10-31,EXPE,SELL,163.274772117286,34.914,34.879086,0.001,1.0,0.15831751994899634,0.027103612171469477,1.1854211321204657,5694.112508603073,exit_rank_or_left_ndx,5694.874818309221
124,2011-10-31,BIIB,SELL,60.04446606946824,116.36,116.24364,0.001,1.0,0.1940380868780472,0.009967381367531728,1.204005468245579,12672.69580090631,exit_rank_or_left_ndx,6979.7872977714815
125,2011-10-31,DLTR,BUY,158.32961187019973,39.98,40.01997999999999,0.001,1.0,0.0,0.0,1.0,6335.3479004531555,entry_new,6336.347900453154
126,2011-10-31,AMZN,BUY,591.9849985137457,10.6755,10.6861755,0.001,2.9599249925687285,0.0,0.0,2.9599249925687285,6.332387975461643,entry_new,6326.055587485125
127,2011-11-30,AMZN,SELL,591.9849985137457,9.6145,9.6048855,0.001,2.9599249925687285,0.15806935797069313,0.09826950975328179,3.216263860292704,5689.064252557367,exit_rank_or_left_ndx,5685.948128442198
128,2011-11-30,DLTR,SELL,9.351770561957565,40.745,40.704254999999996,0.001,1.0,0.01058226053162051,0.0015523939132849557,1.0121346544449055,6068.708971558336,rebalance_trim,380.656853655414
129,2011-11-30,FAST,BUY,842.0236748366854,7.1879,7.195087899999999,0.001,4.210118374183427,0.0,0.0,4.210118374183427,6.064498853183977,entry_new,6058.434354330969
130,2012-01-31,DLTR,SELL,148.97784130824215,42.4,42.3576,0.001,1.0,0.17542755794574433,0.024730321657168194,1.2001578796029124,6315.208151971578,exit_rank_or_left_ndx,6310.343810997997
131,2012-01-31,FAST,SELL,30.48025258818098,8.0854,8.0773146,0.001,1.0,0.006844320780933217,0.005059721929638042,1.0119040427105712,6560.39483717107,rebalance_trim,246.19858924220202
132,2012-01-31,STX,BUY,578.8583321968794,11.3057,11.3170057,0.001,2.894291660984397,0.0,0.0,2.894291660984397,6.557500545509356,entry_new,6550.943044964577
133,2012-02-29,STX,SELL,28.07282139858224,14.1792,14.1650208,0.001,1.0,0.01105472835291175,0.004660088352164651,1.0157148167050762,403.1938847544068,rebalance_trim,397.6520990256025
134,2012-02-29,FAST,BUY,43.989424372207665,9.1247,9.1338247,0.001,1.0,0.0,0.0,1.0,0.40219388475441065,rebalance_add,401.79169086965237
135,2012-04-30,FAST,SELL,855.532846620712,8.1387,8.1305613,0.001,4.27766423310356,0.19337575065044688,0.1420184525390382,4.613058436293046,6951.751389061658,exit_rank_or_left_ndx,6955.9622536131965
136,2012-04-30,STX,SELL,67.88398285320491,16.7505,16.7337495,0.001,1.0,0.031579509082753573,0.011268741153632016,1.0428482502363856,8086.662104939248,rebalance_trim,1135.9535641278262
137,2012-04-30,MNST,BUY,744.628989486124,10.8333,10.844133299999998,0.001,3.72314494743062,0.0,0.0,3.72314494743062,8.082938959992134,entry_new,8074.856021031826
138,2012-05-31,MNST,SELL,117.38163342658977,12.1,12.0879,0.001,1.0,0.039445349018184236,0.0194853511488139,1.0589307001669983,1425.9214549570997,rebalance_trim,1418.8974466972745
139,2012-05-31,STX,BUY,111.45745001866146,12.7589,12.771658899999998,0.001,1.0,0.0,0.0,1.0,1.4249214549570297,rebalance_add,1423.4965335021427
140,2012-07-31,STX,SELL,594.3589779637537,16.3476,16.3312524,0.001,2.9717948898187685,0.2698442162922324,0.0986635903419831,3.340302696452984,9704.711104090602,exit_rank_or_left_ndx,9706.626485332099
141,2012-07-31,MNST,BUY,124.58557127206846,11.07,11.081069999999999,0.001,1.0,0.0,0.0,1.0,8323.169667834823,rebalance_add,1380.5414362557794
142,2012-07-31,EXPE,BUY,160.20905785109687,51.8419,51.893741899999995,0.001,1.0,0.0,0.0,1.0,8.322169667833805,entry_new,8313.84749816699
143,2012-08-31,MNST,SELL,751.8329273316027,9.8233,9.813476699999999,0.001,3.7591646366580136,0.20511103862758903,0.12480426593704605,4.089079941222649,7382.328004388087,exit_rank_or_left_ndx,7378.094914661476
144,2012-08-31,BBBY,BUY,992.3613016694815,7.4193,7.426719299999999,0.001,4.961806508347407,0.0,0.0,4.961806508347407,7.3773661978793825,entry_new,7369.98883168186
145,2012-10-31,BBBY,SELL,158.41884746635336,12.8036,12.7907964,0.001,1.0,0.05633122962344093,0.026297528679414657,1.0826287583028555,2032.597961304358,rebalance_trim,2026.3032238647816
146,2012-10-31,EXPE,BUY,37.588432152437136,53.9405,53.994440499999996,0.001,1.0,0.0,0.0,1.0,2.0315979613042146,rebalance_add,2029.5663633430538
147,2012-11-30,EXPE,SELL,197.797490003534,56.5404,56.483859599999995,0.001,1.0,0.3105917651976581,0.032834383340586644,1.3434261485382448,11173.053826404783,exit_rank_or_left_ndx,11172.365654592017
148,2012-11-30,GILD,BUY,425.0335923605359,25.7369,25.762636899999997,0.001,2.1251679618026795,0.0,0.0,2.1251679618026795,220.9425481558792,entry_new,10949.9861102871
149,2012-11-30,BBBY,BUY,17.064822279984927,12.8629,12.875762899999998,0.001,1.0,0.0,0.0,1.0,0.21994254815589898,rebalance_add,219.7226056077233
150,2013-01-31,GILD,SELL,425.0335923605359,27.0752,27.0481248,0.001,2.1251679618026795,0.31959885388001086,0.07055557633184896,2.5153223920145393,11494.066270516243,exit_rank_or_left_ndx,11496.361650360102
151,2013-01-31,TCOM,BUY,1073.8946657281908,9.8571,9.8669571,0.001,5.369473328640955,0.0,0.0,5.369473328640955,892.6242005287022,entry_new,10596.0725966589
152,2013-01-31,BBBY,BUY,78.08377795670225,11.396,11.407396,0.001,1.0,0.0,0.0,1.0,0.8916242005287813,rebalance_add,890.7325763281734
153,2013-02-28,TCOM,SELL,1073.8946657281908,9.5984,9.5888016,0.001,5.369473328640955,0.2862666883132532,0.1782665145108797,5.8340065314650875,10292.420506635006,exit_rank_or_left_ndx,10297.362888965941
154,2013-02-28,GILD,BUY,331.30069929762624,29.3195,29.348819499999998,0.001,1.6565034964881313,0.0,0.0,1.6565034964881313,567.4795792287096,entry_new,9723.284423909809
155,2013-02-28,BBBY,BUY,57.37939995712725,9.8528,9.8626528,0.001,1.0,0.0,0.0,1.0,0.5664795792287123,rebalance_add,565.9130996494808
156,2013-04-30,BBBY,SELL,986.4704543969426,17.6367,17.6190633,0.001,4.932352271984713,0.48318305355286606,0.16375409542989247,5.579289420967472,17375.67256975776,exit_rank_or_left_ndx,17380.685379599498
157,2013-04-30,GILD,BUY,84.23840252785114,34.7551,34.7898551,0.001,1.0,0.0,0.0,1.0,14444.030751958346,rebalance_add,2930.6418177994146
158,2013-04-30,MU,BUY,1568.4366125205813,9.1858,9.1949858,0.001,7.842183062602907,0.0,0.0,7.842183062602907,14.436188568895886,entry_new,14421.752380326847
159,2013-05-31,GILD,SELL,415.53910182547736,37.3906,37.3532094,0.001,2.0776955091273868,0.4315037905456244,0.06897949090302924,2.5781787905760405,15533.577094153297,exit_rank_or_left_ndx,15521.719084374978
160,2013-05-31,MU,SELL,102.29896343203977,11.3896,11.3782104,0.001,1.0,0.03235861980376,0.0169816279297186,1.0493402477334786,16696.50688353722,rebalance_trim,1163.9791296316546
161,2013-05-31,VRTX,BUY,207.42079170423898,80.33,80.41032999999999,0.001,1.037103958521195,0.0,0.0,1.037103958521195,16.69546977958089,entry_new,16678.774309799115
162,2013-07-31,MU,SELL,91.40159060919888,12.9108,12.8978892,0.001,1.0,0.03277307495699758,0.015172664041127014,1.0479457389981246,1194.5351124217905,rebalance_trim,1178.8875883812077
163,2013-07-31,VRTX,BUY,14.9266970787279,79.8,79.87979999999999,0.001,1.0,0.0,0.0,1.0,1.1935351124218414,rebalance_add,1192.3415773093686
164,2013-09-30,VRTX,SELL,222.34748878296688,75.82,75.74418,0.001,1.1117374439148344,0.46819448431931565,0.0369096831379725,1.6168416113721227,16841.104906426073,exit_rank_or_left_ndx,16841.528212925023
165,2013-09-30,MU,SELL,193.07651891933997,17.0356,17.0185644,0.001,1.0,0.09134760776371363,0.03205070214061043,1.123398309904324,20125.866679472776,rebalance_trim,3285.8851713566055
166,2013-09-30,TSLA,BUY,1557.4754555051472,12.8913,12.904191299999997,0.001,7.787377277525736,0.0,0.0,7.787377277525736,20.118079302195838,entry_new,20097.961222893053
167,2013-10-31,MU,SELL,1181.6595395600027,17.2404,17.223159600000002,0.001,5.9082976978000135,0.5657831214271836,0.19615548356696044,6.670236302794158,20365.358685703846,exit_rank_or_left_ndx,20351.910842704445
168,2013-10-31,TCOM,BUY,684.0810945983408,26.9963,27.0232963,0.001,3.4204054729917037,0.0,0.0,3.4204054729917037,1875.8121676715637,entry_new,18486.12611255929
169,2013-10-31,TSLA,BUY,175.4777203911465,10.6627,10.673362699999998,0.001,1.0,0.0,0.0,1.0,1.8748121676715073,rebalance_add,1872.9373555038921
170,2013-12-31,TCOM,SELL,684.0810945983408,24.69,24.66531,0.001,3.4204054729917037,0.46907140892272575,0.11355746170332456,4.003034343617754,16870.944041231454,exit_rank_or_left_ndx,16873.0722634074
171,2013-12-31,TSLA,SELL,1732.9531758962937,10.0287,10.018671300000001,0.001,8.664765879481468,0.4826604932831703,0.28767022719878477,9.435096599963423,34223.397192227545,exit_rank_or_left_ndx,17361.888247596053
172,2013-12-31,BIDU,BUY,96.10188886958429,177.88,178.05787999999998,0.001,1.0,0.0,0.0,1.0,17110.698596113773,entry_new,17111.698596113773
173,2013-12-31,META,BUY,315.1852189828037,54.1743,54.228474299999995,0.001,1.5759260949140186,0.0,0.0,1.5759260949140186,17.109122670019133,entry_new,17092.01354734884
174,2014-01-31,BIDU,SELL,96.10188886958429,156.5,156.3435,0.001,1.0,0.4176923774169955,0.01595291355235099,1.4336452909693467,15040.5811398609,exit_rank_or_left_ndx,15024.905662481851
175,2014-01-31,META,SELL,315.1852189828037,62.0253,61.9632747,0.001,1.5759260949140186,0.5429314508848692,0.05232074635114541,2.171178292150033,34568.31826677987,exit_rank_or_left_ndx,19529.90830521112
176,2014-01-31,ILMN,BUY,116.77873609510615,147.8599,148.0077599,0.001,1.0,0.0,0.0,1.0,17283.159133389934,entry_new,17284.159133389934
177,2014-01-31,MU,BUY,767.5543567067457,22.4672,22.489667199999996,0.001,3.8377717835337286,0.0,0.0,3.8377717835337286,17.27932136160598,entry_new,17262.042040244796
178,2014-02-28,ILMN,SELL,4.070611921982481,166.8191,166.6522809,0.001,1.0,0.01885887396850775,0.0006757215790490919,1.019534595547557,694.6365482231716,rebalance_trim,678.3767614571133
179,2014-02-28,MU,BUY,29.34683113936116,23.5886,23.612188599999996,0.001,1.0,0.0,0.0,1.0,0.6936365482231395,rebalance_add,692.9429116749485
180,2014-03-31,MU,SELL,796.9011878461068,23.0717,23.0486283,0.001,3.984505939230534,0.5106159237197163,0.13228559718245372,4.627407460132705,18363.545499581483,exit_rank_or_left_ndx,18367.479270493393
181,2014-03-31,NXPI,BUY,334.1413948639042,51.816,51.867816,0.001,1.670706974319521,0.0,0.0,1.670706974319521,1030.6904058228356,entry_new,17331.184386784327
182,2014-03-31,ILMN,BUY,7.106193809281861,144.6109,144.75551089999996,0.001,1.0,0.0,0.0,1.0,1.0296904058229757,rebalance_add,1028.6607154170126
183,2014-04-30,NXPI,SELL,16.351505727857894,52.5297,52.4771703,0.001,1.0,0.023854644870633834,0.0027143499508244105,1.0265689948214582,858.0838721532257,rebalance_trim,858.0807507422242
184,2014-04-30,ILMN,BUY,6.472740911179649,132.1498,132.28194979999998,0.001,1.0,0.0,0.0,1.0,0.8570838721532255,rebalance_add,856.2267882810725
185,2014-06-30,ILMN,SELL,9.794328333693683,173.677,173.503323,0.001,1.0,0.04724188864607961,0.0016258585033931514,1.048867747149473,1699.1567285739106,rebalance_trim,1699.3485124489068
186,2014-06-30,NXPI,BUY,29.06491912201935,58.3096,58.3679096,0.001,1.0,0.0,0.0,1.0,1.6981567285738493,rebalance_add,1696.4585718453368
187,2014-07-31,NXPI,SELL,346.8548082580657,54.9351,54.8801649,0.001,1.7342740412903286,0.5291854842449826,0.05757789817083891,2.32103742370615,19034.826192865392,exit_rank_or_left_ndx,19035.449073560525
188,2014-07-31,ILMN,SELL,116.4927305598915,155.5545,155.3989455,0.001,1.0,0.5032591601503528,0.019337793272941987,1.5225969534232948,37136.15108333473,exit_rank_or_left_ndx,18102.84748742276
189,2014-07-31,TCOM,BUY,582.2162452103789,31.8602,31.892060199999996,0.001,2.911081226051895,0.0,0.0,2.911081226051895,18565.164460441312,entry_new,18568.075541667364
190,2014-07-31,MU,BUY,621.8435542727882,29.7904,29.820190399999998,0.001,3.109217771363941,0.0,0.0,3.109217771363941,18.562055242669885,entry_new,18543.493187427277
191,2014-09-30,TCOM,SELL,582.2162452103789,28.2427,28.2144573,0.001,2.911081226051895,0.45666824783795695,0.0966478967049229,3.4643973705947744,16442.013047726643,exit_rank_or_left_ndx,16426.915389854566
192,2014-09-30,MU,SELL,621.8435542727882,33.4082,33.374791800000004,0.001,3.109217771363941,0.5769583965375314,0.10322603000928283,3.7894021979107553,37192.122801555044,exit_rank_or_left_ndx,20753.89915602631
193,2014-09-30,GILD,BUY,254.28230687545823,73.0585,73.13155849999998,0.001,1.2714115343772912,0.0,0.0,1.2714115343772912,18594.789989243145,entry_new,18596.061400777522
194,2014-09-30,INTC,BUY,699.0249528195629,26.5429,26.569442899999995,0.001,3.495124764097815,0.0,0.0,3.495124764097815,18.591294864480005,entry_new,18572.70356961457
195,2014-10-31,GILD,SELL,254.28230687545823,76.8676,76.7907324,0.001,1.2714115343772912,0.5428373833609181,0.04221086294132607,1.8564597806795353,19543.25941641179,exit_rank_or_left_ndx,19526.52458132799
196,2014-10-31,INTC,SELL,699.0249528195629,25.9254,25.8994746,0.001,3.495124764097815,0.5033017364867979,0.11603814216804745,4.11446464275266,37643.523962085506,exit_rank_or_left_ndx,18104.37901031647
197,2014-10-31,MNST,BUY,1118.3384000773633,16.8133,16.8301133,0.001,5.591692000386817,0.0,0.0,5.591692000386817,18816.170289042366,entry_new,18821.761981042753
198,2014-10-31,VRTX,BUY,166.7043460689996,112.64,112.75263999999999,0.001,1.0,0.0,0.0,1.0,18.815170289042726,entry_new,18796.355118753323
199,2014-12-31,VRTX,SELL,166.7043460689996,118.8,118.6812,0.001,1.0,0.5500138770598195,0.02767292144745393,1.5776867985072736,19801.90932017469,exit_rank_or_left_ndx,19784.671836684156
200,2014-12-31,BBBY,BUY,960.0833004775792,20.579,20.599579,0.001,4.800416502387896,0.0,0.0,4.800416502387896,19.79710890367278,entry_new,19777.31179476863
201,2015-03-31,BBBY,SELL,960.0833004775792,20.5366,20.5160634,0.001,4.800416502387896,0.5475802101602436,0.15937382787927815,5.507370540427418,19711.41960024251,exit_rank_or_left_ndx,19697.129861879264
202,2015-03-31,MNST,SELL,131.8824898391112,23.0658,23.042734199999998,0.001,1.0,0.08448234182011216,0.02189249331329246,1.1063748351334046,22749.246384404214,rebalance_trim,3038.93315899684
203,2015-03-31,AAL,BUY,453.0294593577628,50.1105,50.1606105,0.001,2.265147296788814,0.0,0.0,2.265147296788814,22.74698123710914,entry_new,22724.234255870317
204,2015-04-30,MNST,SELL,986.455910238252,22.8516,22.828748400000002,0.001,4.93227955119126,0.6260435951541128,0.16375168109954982,5.7220748274449225,22536.578688931706,exit_rank_or_left_ndx,22519.55378252204
205,2015-04-30,AAL,SELL,453.0294593577628,45.9416,45.8956584,0.001,2.265147296788814,0.5780199716686117,0.07520289025338862,2.9183701587108146,43325.74563059356,exit_rank_or_left_ndx,20792.085311820567
206,2015-04-30,NXPI,BUY,255.53769183380453,84.689,84.77368899999999,0.001,1.2776884591690227,0.0,0.0,1.2776884591690227,21661.595126837612,entry_new,21662.87281529678
207,2015-04-30,EA,BUY,383.4463017635408,56.374,56.43037399999999,0.001,1.917231508817704,0.0,0.0,1.917231508817704,21.65967789532806,entry_new,21638.018217433466
208,2015-06-30,NXPI,SELL,255.53769183380453,86.5216,86.43507840000001,0.001,1.2776884591690227,0.6140302878931162,0.04241925684441155,1.9341380039065503,22107.145967701355,exit_rank_or_left_ndx,22087.420427809935
209,2015-06-30,EA,SELL,383.4463017635408,64.5355,64.4709645,0.001,1.917231508817704,0.6872480508605681,0.06365208609274778,2.66813164577102,46825.63074470911,exit_rank_or_left_ndx,24721.152908653527
210,2015-06-30,TCOM,BUY,647.2897279713555,36.1344,36.170534399999994,0.001,3.236448639856778,0.0,0.0,3.236448639856778,23409.578923714696,entry_new,23412.815372354555
211,2015-06-30,NFLX,BUY,2488.107456439016,9.3848,9.3941848,0.001,12.44053728219508,0.0,0.0,12.44053728219508,23.397138386433653,entry_new,23373.741248046066
212,2015-07-31,NFLX,SELL,234.61226856727217,11.431,11.419569,0.001,1.1730613428363608,0.07448095349838378,0.03894563658216718,1.2864879329169117,2701.2816396040125,rebalance_trim,2679.1709891504956
213,2015-07-31,TCOM,BUY,75.66313945045515,35.6169,35.652516899999995,0.001,1.0,0.0,0.0,1.0,2.7002816396038725,rebalance_add,2697.5813579644087
214,2015-08-31,NFLX,SELL,87.59994654238395,11.503,11.491497,0.001,1.0,0.027984995736396644,0.014541591126035735,1.0425265868624325,1008.312277944707,rebalance_trim,1006.6545228919656
215,2015-08-31,TCOM,BUY,30.404383761360787,33.0643,33.0973643,0.001,1.0,0.0,0.0,1.0,1.0073122779447203,rebalance_add,1006.3049656667623
216,2015-09-30,TCOM,SELL,753.3572511831715,31.4372,31.4057628,0.001,3.766786255915857,0.65774130393406,0.12505730369640647,4.549584863546324,23656.2168617331,exit_rank_or_left_ndx,23659.759134318705
217,2015-09-30,AMZN,BUY,898.1475677948822,25.5945,25.620094499999997,0.001,4.490737838974411,0.0,0.0,4.490737838974411,641.1005620440883,entry_new,23010.625561850036
218,2015-09-30,NFLX,BUY,61.86535346137924,10.326,10.336326,0.001,1.0,0.0,0.0,1.0,0.6401005620440401,rebalance_add,639.4604614820443
219,2015-11-30,NFLX,SELL,2227.760594790739,12.333,12.320667,0.001,11.138802973953696,0.7630404011470541,0.3698082587352627,12.271651633836013,27435.86489306684,exit_rank_or_left_ndx,27447.496444138633
220,2015-11-30,AMZN,SELL,36.38026865877019,33.24,33.20676,0.001,1.0,0.03358436963242705,0.006039124597355851,1.0396234942297828,28642.896119659912,rebalance_trim,1208.0708500873038
221,2015-11-30,GOOGL,BUY,755.988794871507,37.8073,37.845107299999995,0.001,3.7799439743575354,0.0,0.0,3.7799439743575354,28.63911617568374,entry_new,28610.47705950987
222,2016-02-29,AMZN,SELL,861.767299136112,27.626,27.598374,0.001,4.30883649568056,0.6611778589862867,0.1430533716565946,5.113067726323441,23806.902270977655,exit_rank_or_left_ndx,23783.376222528295
223,2016-02-29,GOOGL,SELL,755.988794871507,35.5458,35.5102542,0.001,3.7799439743575354,0.7463008489350406,0.12549413994867017,4.651738963241246,50647.60481025328,exit_rank_or_left_ndx,26845.35427823887
224,2016-02-29,MAT,BUY,839.7648486583024,30.1257,30.155825699999994,0.001,4.198824243291512,0.0,0.0,4.198824243291512,25319.603580883348,entry_new,25323.80240512664
225,2016-02-29,MSFT,BUY,565.5934958171945,44.672,44.716671999999996,0.001,2.8279674790859723,0.0,0.0,2.8279674790859723,25.316775613406207,entry_new,25291.458837790855
226,2016-03-31,MSFT,SELL,565.5934958171945,48.4913,48.4428087,0.001,2.8279674790859723,0.7616904630514576,0.09388852030565428,3.6835464624430845,27420.570748987568,exit_rank_or_left_ndx,27398.937519836603
227,2016-03-31,MAT,BUY,20.309737862200286,31.1447,31.175844699999995,0.001,1.0,0.0,0.0,1.0,26786.3975154979,rebalance_add,633.173233489666
228,2016-03-31,AMAT,BUY,1413.399265070421,18.9089,18.9278089,0.001,7.066996325352106,0.0,0.0,7.066996325352106,26.779330519177165,entry_new,26752.55118865337
229,2016-05-31,AMAT,SELL,1413.399265070421,21.897,21.875103,0.001,7.066996325352106,0.8595274751984054,0.2346242780016899,8.1611480785522,30936.87268598039,exit_rank_or_left_ndx,30918.254503539763
230,2016-05-31,MAT,BUY,87.21450036614485,29.9,29.929899999999996,0.001,1.0,0.0,0.0,1.0,28325.55141147171,rebalance_add,2610.3212745086785
231,2016-05-31,ULTA,BUY,121.31650530517611,233.01,233.24300999999997,0.001,1.0,0.0,0.0,1.0,28.324551411471475,entry_new,28296.22686006024
232,2016-06-30,MAT,SELL,947.2890868866475,29.3467,29.317353299999997,0.001,4.736445434433238,0.7720618456822287,0.1572499884231835,5.66575726853865,27794.667631633172,exit_rank_or_left_ndx,27772.00883749024
233,2016-06-30,ULTA,SELL,3.6178084898209124,243.64,243.39636,0.001,1.0,0.0244796074092663,0.0006005562093102714,1.0250801636185767,28674.20396906906,rebalance_trim,880.5614175995071
234,2016-06-30,BBBY,BUY,2078.4501914518696,13.7634,13.7771634,0.001,10.392250957259348,0.0,0.0,10.392250957259348,28.66381171811372,entry_new,28635.14790639369
235,2016-08-31,BBBY,SELL,2078.4501914518696,13.1654,13.1522346,0.001,10.392250957259348,0.7599481537224394,0.34502273178101034,11.497221842762798,27353.431112265258,exit_rank_or_left_ndx,27336.264522389905
236,2016-08-31,ULTA,SELL,3.525067204924359,247.21,246.96279,0.001,1.0,0.02420158000586428,0.0005851611560174436,1.0247867411618818,28222.966757389717,rebalance_trim,870.5604318656216
237,2016-08-31,NTES,BUY,793.583650288579,35.4879,35.523387899999996,0.001,3.967918251442895,0.0,0.0,3.967918251442895,28.218998839140113,entry_new,28190.779840299132
238,2016-09-30,ULTA,SELL,114.17362961043084,237.98,237.74202,0.001,1.0,0.7545995674939748,0.018952822515331518,1.7735523900093062,27170.314780764773,exit_rank_or_left_ndx,27143.86933431564
239,2016-09-30,NTES,SELL,59.78564101273373,40.3113,40.270988700000004,0.001,1.0,0.06693202708736037,0.009924416408113798,1.0768564434954742,29576.864797967333,rebalance_trim,2407.6268736460565
240,2016-09-30,MU,BUY,1702.0098810523082,17.3379,17.3552379,0.001,8.51004940526154,0.0,0.0,8.51004940526154,29.56835474856416,entry_new,29538.78639381351
241,2016-10-31,NTES,SELL,35.581000747760136,43.0251,42.9820749,0.001,1.0,0.04251579764856967,0.005906446124128183,1.048422243772698,1557.8651716619738,rebalance_trim,1529.3452391571823
242,2016-10-31,MU,BUY,92.85348775134602,16.7334,16.7501334,0.001,1.0,0.0,0.0,1.0,1.5568651716619115,rebalance_add,1555.308306490312
243,2016-11-30,NTES,SELL,698.217008528085,37.6441,37.6064559,0.001,3.491085042640425,0.7299575864875896,0.11590402341566211,4.336946652543676,26254.68705836047,exit_rank_or_left_ndx,26257.467139841352
244,2016-11-30,MU,SELL,208.12965707724686,19.0444,19.0253556,0.001,1.0406482853862342,0.11008079248305887,0.03454952307482298,1.185278600944116,30213.242516560204,rebalance_trim,3959.7407368006784
245,2016-11-30,STX,BUY,1120.621080251894,26.9023,26.929202299999996,0.001,5.60310540125947,0.0,0.0,5.60310540125947,30.207639411157288,entry_new,30177.431771747786
246,2017-01-31,STX,SELL,1120.621080251894,30.7863,30.7555137,0.001,5.60310540125947,0.9581347002162467,0.1860230993218144,6.747263200797532,34488.73736240628,exit_rank_or_left_ndx,34465.276986195924
247,2017-01-31,MU,SELL,59.894775984206625,23.5106,23.4870894,0.001,1.0,0.03910776003612614,0.0099425328133783,1.0490502928495042,35894.44227024747,rebalance_trim,1406.7539581340338
248,2017-01-31,WDC,BUY,666.4223135934561,53.7488,53.8025488,0.001,3.3321115679672806,0.0,0.0,3.3321115679672806,35.8911101586782,entry_new,35855.21904852083
249,2017-02-28,MU,SELL,1526.8389357422004,22.8572,22.834342799999998,0.001,7.634194678711002,0.9692293097236632,0.2534552633332053,8.85687925176787,34891.39789003148,exit_rank_or_left_ndx,34864.363659124574
250,2017-02-28,CSX,BUY,2428.8652829128955,14.2785,14.292778499999997,0.001,12.144326414564478,0.0,0.0,12.144326414564478,164.020068603073,entry_new,34715.23349501385
251,2017-03-31,WDC,SELL,666.4223135934561,55.9839,55.9279161,0.001,3.3321115679672806,1.0361507925226712,0.11062610405651371,4.478888464546466,37431.152421961226,exit_rank_or_left_ndx,37271.6112418227
252,2017-03-31,CSX,BUY,152.76262959290827,13.6875,13.701187499999998,0.001,1.0,0.0,0.0,1.0,35337.12299091574,rebalance_add,2093.0294310454847
253,2017-03-31,INCY,BUY,263.8228687800213,133.67,133.80366999999998,0.001,1.3191143439001065,0.0,0.0,1.3191143439001065,35.335803876572754,entry_new,35300.468072695265
254,2017-05-31,INCY,SELL,263.8228687800213,129.33,129.20067,0.001,1.3191143439001065,0.9475933411340832,0.04379459621748353,2.310502281251673,34119.116709296155,exit_rank_or_left_ndx,34086.091407700835
255,2017-05-31,CSX,SELL,223.75792156029362,15.9875,15.971512500000001,0.001,1.118789607801468,0.09935031786464414,0.03714381497900874,1.255283740645121,37691.61386672976,rebalance_trim,3573.7524411742493
256,2017-05-31,TSLA,BUY,1654.264588286023,22.734,22.756733999999998,0.001,8.271322941430114,0.0,0.0,8.271322941430114,37.683342543794424,entry_new,37645.65920124453
257,2017-06-30,CSX,SELL,2357.86999094551,16.1026,16.0864974,0.001,11.78934995472755,1.0544503715129465,0.3914064184969546,13.23520674473745,37954.317614682026,exit_rank_or_left_ndx,37929.86947888297
258,2017-06-30,TSLA,SELL,39.93676385380388,24.1073,24.083192699999998,0.001,1.0,0.026738172875814387,0.006629502799731444,1.0333676756755459,38915.0890267119,rebalance_trim,961.8047797055534
259,2017-06-30,MELI,BUY,154.9601853596146,250.6214,250.87202139999997,0.001,1.0,0.0,0.0,1.0,38.9140890267081,entry_new,38875.174937685195
260,2017-07-31,TSLA,SELL,1614.3278244322191,21.5647,21.5431353,0.001,8.071639122161097,0.9668195801802828,0.26797841885574836,9.306437121197128,34807.29039220345,exit_rank_or_left_ndx,34777.68274029794
261,2017-07-31,MELI,SELL,17.076503528026738,288.1227,287.83457730000003,0.001,1.0,0.13664278725809267,0.0028346995856524384,1.1394774868437452,39721.35908946814,rebalance_trim,4915.208174751535
262,2017-07-31,VRTX,BUY,261.1032329528598,151.82,151.97181999999998,0.001,1.305516164764299,0.0,0.0,1.305516164764299,39.72005357330636,entry_new,39680.33351973007
263,2017-08-31,MELI,SELL,137.88368183158786,258.2035,257.94529650000004,0.001,1.0,0.9887472319531847,0.022888691184043585,2.0116359231372285,35604.155610210764,exit_rank_or_left_ndx,35566.4471925606
264,2017-08-31,VRTX,SELL,19.662879681205116,160.54,160.37946,0.001,1.0,0.08766791230380283,0.003264038027080049,1.090931950330883,38756.58670357708,rebalance_trim,3153.5220253166485
265,2017-08-31,TSLA,BUY,1629.8523598456477,23.7267,23.7504267,0.001,8.149261799228238,0.0,0.0,8.149261799228238,38.74843744177633,entry_new,38709.689004336076
266,2017-10-31,TSLA,SELL,1629.8523598456477,22.102,22.079898,0.001,8.149261799228238,1.0004378733205432,0.2705554917343775,9.420255164283159,36016.30204272869,exit_rank_or_left_ndx,35986.973860451195
267,2017-10-31,VRTX,SELL,241.4403532716547,146.23,146.08377,0.001,1.2072017663582735,0.9805203736023332,0.040079098643094675,2.227801238603701,71284.59127754523,exit_rank_or_left_ndx,35270.51703605515
268,2017-10-31,NVDA,BUY,6977.325785746746,5.1032,5.1083032,0.001,34.88662892873373,0.0,0.0,34.88662892873373,35607.40900984388,entry_new,35642.295638772615
269,2017-10-31,BIDU,BUY,145.67216255431887,243.94,244.18393999999998,0.001,1.0,0.0,0.0,1.0,35.60640900983708,entry_new,35570.802600834046
270,2017-11-30,NVDA,SELL,6977.325785746746,4.9561,4.9511439,0.001,34.88662892873373,0.9603716832670733,1.1582360804339598,37.00523669243476,34544.34517473011,exit_rank_or_left_ndx,34545.744002412706
271,2017-11-30,BIDU,SELL,145.67216255431887,238.58,238.34142,0.001,1.0,0.9652079401591478,0.024181578984016933,1.9893895191431648,69262.06586287815,exit_rank_or_left_ndx,34719.71007766719
272,2017-11-30,ALGN,BUY,132.61436865587294,260.88,261.14088,0.001,1.0,0.0,0.0,1.0,34630.03293143908,entry_new,34631.03293143908
273,2017-11-30,MU,BUY,835.9925209543245,41.3361,41.3774361,0.001,4.179962604771623,0.0,0.0,4.179962604771623,34.625852968834806,entry_new,34591.22711586547
274,2018-02-28,ALGN,SELL,132.61436865587294,262.52,262.25748,0.001,1.0,0.9668592617663503,0.02201398519687491,1.988873246963225,34811.747115202095,exit_rank_or_left_ndx,34779.11013548022
275,2018-02-28,MU,SELL,835.9925209543245,47.5964,47.5488036,0.001,4.179962604771623,1.1050623484799444,0.13877475847841786,5.423799711729985,74556.76750541641,exit_rank_or_left_ndx,39750.44418992606
276,2018-02-28,NFLX,BUY,1278.0953603575438,29.138,29.167137999999998,0.001,6.390476801787719,0.0,0.0,6.390476801787719,37271.99327590642,entry_new,37278.38375270821
277,2018-02-28,STX,BUY,959.6862068505096,38.7551,38.793855099999995,0.001,4.798431034252548,0.0,0.0,4.798431034252548,37.26719484487694,entry_new,37229.92765002729
278,2018-05-31,NFLX,SELL,74.50827456732058,35.16,35.12484,0.001,1.0,0.07275513599531909,0.012368373578175216,1.0851235095734943,2653.2732941885083,rebalance_trim,2617.0912228532047
279,2018-05-31,STX,BUY,64.04919875644788,41.3272,41.368527199999996,0.001,1.0,0.0,0.0,1.0,2.6522732941884897,rebalance_add,2649.62102089432
280,2018-07-31,STX,SELL,1023.7354056069576,39.0083,38.9692917,0.001,5.118677028034788,1.1090599733230866,0.16994007733075495,6.397677078688629,39890.49824093084,exit_rank_or_left_ndx,39894.243644715345
281,2018-07-31,MU,BUY,773.2881012169189,51.4775,51.528977499999996,0.001,3.8664405060845946,0.0,0.0,3.8664405060845946,39.88663180042204,entry_new,39846.74516862434
282,2018-08-31,NFLX,SELL,1203.5870857902232,36.768,36.731232,0.001,6.017935428951116,1.2290167741541358,0.19979545624117706,7.446747659346429,44241.67636450566,exit_rank_or_left_ndx,44209.23648036459
283,2018-08-31,MU,SELL,773.2881012169189,51.2142,51.1629858,0.001,3.8664405060845946,1.0998716423439912,0.12836582480200853,5.094677973230594,83800.30982840262,exit_rank_or_left_ndx,39563.72814187018
284,2018-08-31,ALGN,BUY,108.30369897690426,386.49,386.87649,0.001,1.0,0.0,0.0,1.0,41899.15491420131,entry_new,41900.15491420131
285,2018-08-31,ILMN,BUY,121.1432035684056,345.1654,345.51056539999996,0.001,1.0,0.0,0.0,1.0,41.89815491419722,entry_new,41856.25675928711
286,2018-10-31,ILMN,SELL,20.92731593345819,302.6751,302.3724249,0.001,1.0,0.17591404277945885,0.0034739344449540594,1.179387977224413,6368.562032385133,rebalance_trim,6327.843265448159
287,2018-10-31,ALGN,BUY,28.72893142279397,221.2,221.42119999999997,0.001,1.0,0.0,0.0,1.0,6.367562032385649,rebalance_add,6361.194470352747
288,2018-11-30,ALGN,SELL,137.03263039969823,229.89,229.66010999999997,0.001,1.0,0.8748918253989162,0.022747416646349907,1.8976392420452661,31475.398893974376,exit_rank_or_left_ndx,31470.928971184036
289,2018-11-30,ILMN,SELL,100.2158876349474,328.3074,327.97909259999994,0.001,1.0,0.9137503017590582,0.016635837347401268,1.9303861391064596,64342.184398448866,exit_rank_or_left_ndx,32868.7158906136
290,2018-11-30,CMCSA,BUY,1094.1963232573132,29.3722,29.401572199999997,0.001,5.470981616286566,0.0,0.0,5.470981616286566,32165.62121760815,entry_new,32171.09219922443
291,2018-11-30,ORLY,BUY,1388.2393080148138,23.1188,23.1419188,0.001,6.941196540074069,0.0,0.0,6.941196540074069,32.158680021067994,entry_new,32126.52134104701
292,2018-12-31,CMCSA,SELL,1094.1963232573132,25.7801,25.754319900000002,0.001,5.470981616286566,0.7834118435635199,0.181636589660714,6.4360300495108,28206.004792544216,exit_rank_or_left_ndx,28180.282142572658
293,2018-12-31,ORLY,SELL,79.75430222647047,22.9554,22.9324446,0.001,1.0,0.050845119064281304,0.013239214169594098,1.0640843332338754,30033.901825631172,rebalance_trim,1828.9611174201907
294,2018-12-31,WDAY,BUY,187.70601219800704,159.68,159.83968,0.001,1.0,0.0,0.0,1.0,30.032901825630688,entry_new,30002.86892380554
295,2019-01-31,ORLY,SELL,1308.4850057883434,22.9774,22.9544226,0.001,6.542425028941717,0.8349873945238885,0.217208510960865,7.59462093442647,30057.956069520285,exit_rank_or_left_ndx,30035.51778862908
296,2019-01-31,WDAY,SELL,11.062403803183882,181.53,181.34847,0.001,1.0,0.055770970117582266,0.0018363590313285243,1.057607329148911,32063.048466420714,rebalance_trim,2006.150004229578
297,2019-01-31,SBUX,BUY,553.2109193117387,57.8373,57.895137299999995,0.001,2.7660545965586936,0.0,0.0,2.7660545965586936,32.06028241182139,entry_new,32028.222129412334
298,2019-02-28,WDAY,SELL,4.464004790267776,197.93,197.73207,0.001,1.0,0.024538418033213855,0.0007410247951844508,1.0252794428283982,913.7119106385561,rebalance_trim,882.6769076695631
299,2019-02-28,SBUX,BUY,15.19464052874992,59.948,60.00794799999999,0.001,1.0,0.0,0.0,1.0,0.9127119106385635,rebalance_add,911.7991987279175
300,2019-04-30,SBUX,SELL,568.4055598404886,66.279,66.212721,0.001,2.842027799202443,1.046271869210165,0.09435532293352111,3.982654991346129,37632.60880548637,exit_rank_or_left_ndx,37635.67874856708
301,2019-04-30,WDAY,BUY,5.4104260673471565,205.63,205.83562999999998,0.001,1.0,0.0,0.0,1.0,36517.95034734555,rebalance_add,1113.6584581408242
302,2019-04-30,MELI,BUY,75.27572480602845,484.14,484.62413999999995,0.001,1.0,0.0,0.0,1.0,36.51695034734439,entry_new,36480.4333969982
303,2019-05-31,MELI,SELL,5.836879258710708,570.52,569.94948,0.001,1.0,0.0924829910934337,0.0009689219569459774,1.0934519130503797,3362.1497967592472,rebalance_trim,3326.7262983249534
304,2019-05-31,WDAY,BUY,16.43363811850744,204.12,204.32412,0.001,1.0,0.0,0.0,1.0,3.3611497967590367,rebalance_add,3357.788646962488
305,2019-07-31,WDAY,SELL,194.02366779040997,199.98,199.78001999999998,0.001,1.0,1.0775850520396326,0.03220792885320806,2.109792980892841,38763.303588457326,exit_rank_or_left_ndx,38762.05223164146
306,2019-07-31,MELI,SELL,3.530127620254309,621.42,620.79858,0.001,1.0,0.0609236503456598,0.0005860011849622153,1.0615096515306222,40953.74029267845,rebalance_trim,2191.4982138726546
307,2019-07-31,CDNS,BUY,552.9584003491574,73.91,73.98391,0.001,2.764792001745787,0.0,0.0,2.764792001745787,40.95097550067294,entry_new,40910.02452517603
308,2019-09-30,MELI,SELL,65.90871792706344,551.23,550.67877,0.001,1.0,1.0089879818257923,0.01094084717589253,2.0199288290016852,36333.46276702391,exit_rank_or_left_ndx,36294.53172035224
309,2019-09-30,CDNS,SELL,552.9584003491574,66.08,66.01392,0.001,2.764792001745787,1.0147820545905677,0.09179109445796012,3.8713651507943148,72832.54300585037,exit_rank_or_left_ndx,36502.95160397725
310,2019-09-30,HAS,BUY,395.55657097003933,91.9714,92.0633714,0.001,1.9777828548501968,0.0,0.0,1.9777828548501968,36414.29372007034,entry_new,36416.271502925185
311,2019-09-30,QCOM,BUY,553.921079843234,65.6028,65.6684028,0.001,2.76960539921617,0.0,0.0,2.76960539921617,36.41152411467192,entry_new,36375.11259055645
312,2019-10-31,HAS,SELL,395.55657097003933,75.9243,75.8483757,0.001,1.9777828548501968,0.8340645906739915,0.06566239078102652,2.8775098363052147,30035.85741981763,exit_rank_or_left_ndx,30002.32340553926
313,2019-10-31,QCOM,SELL,553.921079843234,69.1805,69.1113195,0.001,2.76960539921617,1.064245625005895,0.09195089925397684,3.925801923476042,68314.1483447249,exit_rank_or_left_ndx,38282.21672683075
314,2019-10-31,KLAC,BUY,2185.35142055675,15.6144,15.630014399999999,0.001,10.92675710278375,0.0,0.0,10.92675710278375,34146.14741525967,entry_new,34157.07417236245
315,2019-10-31,COST,BUY,125.80453255597445,270.872,271.142872,0.001,1.0,0.0,0.0,1.0,34.14514741525636,entry_new,34111.002267844415
316,2019-12-31,COST,SELL,125.80453255597445,267.9637,267.6957363,0.001,1.0,0.9362299678340795,0.020883552404291756,1.9571135202383714,33709.52500634392,exit_rank_or_left_ndx,33677.3369724489
317,2019-12-31,KLAC,SELL,73.47895487259777,16.5373,16.5207627,0.001,1.0,0.03374720887765866,0.012197506508851229,1.04594471538651,34922.407438522736,rebalance_trim,1213.9283768941964
318,2019-12-31,TSLA,BUY,1249.4808820992562,27.8887,27.9165887,0.001,6.247404410496281,0.0,0.0,6.247404410496281,34.91616003411764,entry_new,34881.24387407812
319,2020-01-31,KLAC,SELL,2111.8724656841523,15.3836,15.3682164,0.001,10.559362328420761,0.9022688231190304,0.35057082930356925,11.81220198084336,32478.817019888902,exit_rank_or_left_ndx,32455.713061835628
320,2020-01-31,TSLA,SELL,250.31291616694176,43.3713,43.3279287,0.001,1.251564580834709,0.3015060171254952,0.04155194408371233,1.5946225420439164,43322.76258171719,rebalance_trim,10845.54018437033
321,2020-01-31,AMD,BUY,919.8215680150324,47.0,47.047,0.001,4.599107840075162,0.0,0.0,4.599107840075162,43.318163473879395,entry_new,43274.84531040323
322,2020-03-31,AMD,SELL,75.7028632975645,45.48,45.43452,0.001,1.0,0.0956187465321028,0.012566675307395707,1.1081854218394984,3481.7332346025,rebalance_trim,3439.5232565504602
323,2020-03-31,TSLA,BUY,99.44032549588078,34.9333,34.9682333,0.001,1.0,0.0,0.0,1.0,3.480733234602212,rebalance_add,3477.252501367898
324,2020-04-30,TSLA,SELL,125.06812526545994,52.1253,52.0731747,0.001,1.0,0.18105290255052386,0.02076130879406635,1.2018142113445902,6514.973255373037,rebalance_trim,6512.694336349779
325,2020-04-30,AMD,BUY,124.08777102107027,52.39,52.442389999999996,0.001,1.0,0.0,0.0,1.0,6.513973255372548,rebalance_add,6507.459282117665
326,2020-06-30,AMD,SELL,968.2064757385382,52.61,52.55739,0.001,4.841032378692691,1.4146420686164618,0.16072227497259733,6.41639672228175,50886.50292244898,exit_rank_or_left_ndx,50886.40534591589
327,2020-06-30,TSLA,SELL,133.32924752808975,71.9873,71.9153127,0.001,1.0,0.2665579238794641,0.0221326550896629,1.2886905789691272,60473.628759908286,rebalance_trim,9588.414528038276
328,2020-06-30,ZM,BUY,238.0358701879362,253.54,253.79353999999995,0.001,1.1901793509396812,0.0,0.0,1.1901793509396812,60.472438580560265,entry_new,60411.96614197679
329,2020-07-31,TSLA,SELL,102.96547652146891,95.384,95.288616,0.001,1.0,0.2727579695476132,0.01709226910256384,1.2898502386501771,9870.620341853177,rebalance_trim,9811.437753511267
330,2020-07-31,ZM,BUY,38.792882598915504,253.91,254.16390999999996,0.001,1.0,0.0,0.0,1.0,9.86962034185126,rebalance_add,9859.750721511326
331,2020-08-31,ZM,SELL,276.82875278685174,325.1,324.7749,0.001,1.3841437639342586,2.4994154479965913,0.04595357296261739,3.929512784893467,89912.97061103146,exit_rank_or_left_ndx,89907.0305034745
332,2020-08-31,TSLA,SELL,97.97448528093489,166.1067,165.9405933,0.001,1.0,0.45197084919869657,0.01626376455663519,1.4682346137553317,106169.44659219816,rebalance_trim,16257.944215780451
333,2020-08-31,PDD,BUY,1191.2679940025787,88.94,89.02893999999999,0.001,5.956339970012894,0.0,0.0,5.956339970012894,106.16349025222007,entry_new,106057.32676197593
334,2020-11-30,PDD,SELL,159.58389786249404,138.81,138.67119,0.001,1.0,0.6152053547957681,0.02649092704517401,1.6416962818409422,22234.210815400886,rebalance_trim,22129.689021430506
335,2020-11-30,TSLA,BUY,117.27689648926912,189.2,189.38919999999996,0.001,1.0,0.0,0.0,1.0,22.233210815404163,rebalance_add,22210.97760458548
336,2020-12-31,PDD,SELL,1031.6840961400846,177.67,177.49232999999998,0.001,5.158420480700423,5.090625190530164,0.17125955995925404,10.42030523118984,183127.82695343185,exit_rank_or_left_ndx,183116.01404784762
337,2020-12-31,MRNA,BUY,1726.4515403216176,104.47,104.57446999999999,0.001,8.632257701608088,0.0,0.0,8.632257701608088,2576.4398859134817,entry_new,180542.75480981678
338,2021-03-31,TSLA,SELL,756.5478533215108,222.6433,222.42065670000002,0.001,3.782739266607554,4.677957996028732,0.1255869436513708,8.586284206287656,170839.72396245293,exit_rank_or_left_ndx,168271.87036074573
339,2021-03-31,MRNA,SELL,210.91678214075156,130.95,130.81904999999998,0.001,1.0545839107037578,0.7670557393101403,0.03501218583536476,1.8566518358492627,198429.80037932715,rebalance_trim,27591.93306871008
340,2021-03-31,BIDU,BUY,910.2679613674342,217.55,217.76755,0.001,4.551339806837171,0.0,0.0,4.551339806837171,198.42524903951562,entry_new,198226.8237904808
341,2021-04-30,BIDU,SELL,910.2679613674342,210.33,210.11967,0.001,4.551339806837171,5.317172661583926,0.15110448158699408,10.019616950008091,191453.60928618754,exit_rank_or_left_ndx,191265.20365409803
342,2021-04-30,MRNA,SELL,222.44244539680943,178.82,178.64118,0.001,1.112212226984047,1.1046991897920506,0.03692544593587036,2.2538368627119683,231188.73637709644,rebalance_trim,39737.38092777161
343,2021-04-30,AMAT,BUY,1816.4778675796929,127.0138,127.14081379999999,0.001,9.082389337898464,0.0,0.0,9.082389337898464,231.17965398775414,entry_new,230948.47433377078
344,2021-06-30,MRNA,SELL,118.3565225960745,234.98,234.74501999999998,0.001,1.0,0.7723841985376977,0.019647182750948365,1.792031381288646,28012.991886552423,rebalance_trim,27783.60426394596
345,2021-06-30,AMAT,BUY,204.766558254912,136.5262,136.66272619999998,0.001,1.0238327912745602,0.0,0.0,1.0238327912745602,28.011968053764576,rebalance_add,27983.956085707385
346,2021-08-31,AMAT,SELL,2021.244425834605,129.793,129.663207,0.001,10.106222129173025,7.285852755891562,0.3355265746885444,17.72760145975313,262091.31875118255,exit_rank_or_left_ndx,262081.03438458854
347,2021-08-31,MRNA,SELL,239.4806154327543,376.69,376.31331,0.001,1.1974030771637716,2.5053288574665644,0.03975378216183721,3.742485716792173,352207.3193398026,rebalance_trim,90119.74307433685
348,2021-08-31,NVDA,BUY,15750.634757718371,22.3118,22.3341118,0.001,78.75317378859187,0.0,0.0,78.75317378859187,352.12856616597855,entry_new,351776.437599848
349,2021-09-30,MRNA,SELL,44.64990046485797,384.86,384.47514,0.001,1.0,0.47723639315550287,0.007411883477166423,1.4846482766326692,17517.420650101678,rebalance_trim,17166.776732212333
350,2021-09-30,NVDA,BUY,846.4755710951499,20.6482,20.668848199999996,0.001,4.232377855475749,0.0,0.0,4.232377855475749,17.513188272245316,rebalance_add,17495.675083973958
351,2021-11-30,MRNA,SELL,890.6052742903697,352.43,352.07757,0.001,4.453026371451848,8.717027514277165,0.14784047553220137,13.317894361261214,313566.3360952478,exit_rank_or_left_ndx,313562.14080133685
352,2021-11-30,NVDA,SELL,3484.69269821568,32.5691,32.536530899999995,0.001,17.4234634910784,3.1519587639394677,0.5784589879038029,21.153881242921674,426924.9938665037,rebalance_trim,113379.81165249883
353,2021-11-30,TEAM,BUY,1132.1916114697856,376.32,376.69631999999996,0.001,5.660958057348928,0.0,0.0,5.660958057348928,426.91933290840825,entry_new,426492.41357553797
354,2021-12-31,NVDA,SELL,13112.417630597842,29.3184,29.2890816,0.001,65.5620881529892,10.676608624772877,2.1766613266792416,78.41535810444132,384399.1739306628,exit_rank_or_left_ndx,384050.66995585884
355,2021-12-31,TEAM,SELL,1132.1916114697856,381.29,380.90871000000004,0.001,5.660958057348928,11.98907376429821,0.1879438075039844,17.837975629151124,815642.982152811,exit_rank_or_left_ndx,431261.6461977773
356,2021-12-31,LCID,BUY,1070.7334480930515,380.5,380.8805,0.001,5.353667240465257,0.0,0.0,5.353667240465257,407816.13740916504,entry_new,407821.4910764055
357,2021-12-31,DDOG,BUY,2285.0481025149898,178.11,178.28811,0.001,11.425240512574948,0.0,0.0,11.425240512574948,407.80471216869773,entry_new,407396.90745648375
358,2022-01-31,DDOG,SELL,2285.0481025149898,146.11,145.96389000000002,0.001,11.425240512574948,9.272259374669748,0.3793179850174883,21.076817872262183,333921.2377745032,exit_rank_or_left_ndx,333534.5098802067
359,2022-01-31,LCID,BUY,32.68707709431675,293.9,294.1938999999999,0.001,1.0,0.0,0.0,1.0,324303.8990845255,rebalance_add,9616.33868997771
360,2022-01-31,TSLA,BUY,1036.5448593293352,312.24,312.55224,0.001,5.1827242966466756,0.0,0.0,5.1827242966466756,324.29871636023745,entry_new,323974.4176438686
361,2022-02-28,TSLA,SELL,1036.5448593293352,290.1433,289.8531567,0.001,5.1827242966466756,8.352393227149875,0.17206644664866963,13.70718397044522,300756.3910701551,exit_rank_or_left_ndx,300445.79953776527
362,2022-02-28,LCID,SELL,32.806896358081694,289.8,289.5102,0.001,1.0,0.2640424853030086,0.005445944795441561,1.2694884300984501,310253.0527077325,rebalance_trim,9497.931126007503
363,2022-02-28,DLTR,BUY,2179.2109530131634,142.08,142.22208,0.001,10.896054765065816,0.0,0.0,10.896054765065816,310.2421566530247,entry_new,309931.91449631436
364,2022-03-31,LCID,SELL,1070.6136288292864,254.0,253.746,0.001,5.353068144146432,7.552257138933469,0.17772186238566154,13.083047145465562,271961.0849704237,exit_rank_or_left_ndx,271663.92586091615
365,2022-03-31,DLTR,SELL,240.52310070132523,160.15,159.98985000000002,0.001,1.2026155035066262,1.06977888351617,0.03992683471641999,2.312321221739216,310440.0274519419,rebalance_trim,38481.254802739924
366,2022-03-31,VRTX,BUY,1187.1626765651888,260.97,261.23097,0.001,5.935813382825944,0.0,0.0,5.935813382825944,310.43409163854085,entry_new,310123.6575469205
367,2022-05-31,DLTR,SELL,1938.687852311838,160.33,160.16967000000002,0.001,9.69343926155919,8.632428020350726,0.3218221834837651,18.64768946539368,310810.77993996907,exit_rank_or_left_ndx,310518.9935377959
368,2022-05-31,KHC,BUY,10060.77789955501,30.8266,30.857426599999997,0.001,50.30388949777505,0.0,0.0,50.30388949777505,310.76047605043277,entry_new,310449.7155744209
369,2022-06-30,KHC,SELL,10060.77789955501,31.0792,31.0481208,0.001,50.30388949777505,8.683837282372448,1.6700891313261317,60.65781591147363,312618.3502274932,exit_rank_or_left_ndx,312368.24756735424
370,2022-06-30,VRTX,SELL,38.88040810854057,281.79,281.50821,0.001,1.0,0.30427528372159185,0.006454147746017735,1.3107294314676097,323562.1935887665,rebalance_trim,10945.154090704742
371,2022-06-30,CEG,BUY,5815.211262005183,55.5245,55.5800245,0.001,29.076056310025916,0.0,0.0,29.076056310025916,323.5331175324973,entry_new,323209.584414924
372,2022-08-31,CEG,SELL,864.5319504577085,79.2589,79.1796411,0.001,4.322659752288542,1.9030025616769366,0.1435123037759796,6.369174617741459,68770.4934996391,rebalance_trim,68453.32955672433
373,2022-08-31,VRTX,BUY,243.58274572646465,281.76,282.04175999999995,0.001,1.2179137286323234,0.0,0.0,1.2179137286323234,68.7692755859025,rebalance_add,68700.50631032456
374,2022-10-31,VRTX,SELL,1391.8650141831129,312.0,311.688,0.001,6.959325070915565,12.06040790663163,0.23104959235439673,19.250782569901588,433877.14103372203,exit_rank_or_left_ndx,433827.62254070607
375,2022-10-31,CEG,SELL,113.17536028608431,91.8389,91.7470611,0.001,1.0,0.2886614861260566,0.018787109807489995,1.3074485959335467,444259.340280308,rebalance_trim,10383.50669518189
376,2022-10-31,BIIB,BUY,1564.22489321533,283.44,283.72344,0.001,7.82112446607665,0.0,0.0,7.82112446607665,444.2515191558632,entry_new,443807.26763668604
377,2022-11-30,CEG,SELL,4837.50395126139,93.5123,93.4187877,0.001,24.18751975630695,12.563202378458211,0.8030256559093908,37.55374779067456,452320.4523921641,exit_rank_or_left_ndx,451913.7546207989
378,2022-11-30,BIIB,SELL,41.01657808821025,305.17,304.86483000000004,0.001,1.0,0.3476254365480217,0.006808751962642902,1.3544341885106645,464823.6100640195,rebalance_trim,12504.512106043945
379,2022-11-30,ENPH,BUY,1446.981100821126,320.59,320.91058999999996,0.001,7.23490550410563,0.0,0.0,7.23490550410563,464.81637515849434,entry_new,464351.5587833569
380,2023-01-31,ENPH,SELL,1446.981100821126,221.38,221.15861999999998,0.001,7.23490550410563,8.896343147178333,0.2401988627363069,16.371447514020268,320460.7883513255,exit_rank_or_left_ndx,320012.34342368104
381,2023-01-31,BIIB,SELL,1523.2083151271197,290.9,290.60909999999996,0.001,7.616041575635599,12.30589789249072,0.25285258031110186,20.17479204843742,763098.8111308856,exit_rank_or_left_ndx,442658.1975716086
382,2023-01-31,PDD,BUY,3890.2657412544877,97.98,98.07798,0.001,19.451328706272438,0.0,0.0,19.451328706272438,381529.9542367365,entry_new,381549.4055654428
383,2023-01-31,NFLX,BUY,10758.886838666918,35.386,35.421386,0.001,53.794434193334595,0.0,0.0,53.794434193334595,381.4761598025798,entry_new,381094.6836427406
384,2023-03-31,PDD,SELL,3890.2657412544877,75.9,75.8241,0.001,19.451328706272438,8.200329980842433,0.6457841130482449,28.297442800163115,295329.0773084568,exit_rank_or_left_ndx,294975.89859145443
385,2023-03-31,NFLX,SELL,10758.886838666918,34.548,34.513452,0.001,53.794434193334595,10.322871820537397,1.7859752152187085,65.90328122909071,666589.4985069903,exit_rank_or_left_ndx,371326.32447976246
386,2023-03-31,AMD,BUY,3397.222604489635,98.01,98.10801,0.001,16.986113022448176,0.0,0.0,16.986113022448176,333277.7631404727,entry_new,333294.74925349513
387,2023-03-31,NVDA,BUY,11996.782458920079,27.7201,27.747820099999995,0.001,59.983912294600394,0.0,0.0,59.983912294600394,333.21777922817273,entry_new,332884.5614489499
388,2023-05-31,NVDA,SELL,675.8785249462746,37.7565,37.7187435,0.001,3.3793926247313735,0.7087134264050714,0.11219583514108158,4.2003018862775265,25822.30619694878,rebalance_trim,25493.288719606884
389,2023-05-31,AMD,BUY,217.99869183592074,118.21,118.32820999999998,0.001,1.0899934591796037,0.0,0.0,1.0899934591796037,25.821216203486983,rebalance_add,25795.394987286112
390,2023-06-30,NVDA,SELL,783.1707022645728,42.2198,42.1775802,0.001,3.9158535113228643,0.9182964139205109,0.1300063365759191,4.964156261819294,33053.10216499602,rebalance_trim,33032.245105054346
391,2023-06-30,AMD,BUY,289.5761303928248,113.91,114.02390999999999,0.001,1.4478806519641239,0.0,0.0,1.4478806519641239,33.05165428433975,rebalance_add,33018.602630059715
392,2023-07-31,AMD,SELL,3904.797426718381,114.4,114.2856,0.001,19.523987133591906,12.406086846788861,0.6481963728352512,32.57827035321602,446262.59017489734,exit_rank_or_left_ndx,446262.1167909662
393,2023-07-31,NVDA,SELL,484.5530377403984,46.6381,46.5914619,0.001,2.422765188701992,0.6276137562202267,0.08043580426490614,3.1308147491871248,468835.4937565592,rebalance_trim,22576.034396411033
394,2023-07-31,META,BUY,1481.4818222854128,315.8266,316.14242659999996,0.001,7.407409111427064,0.0,0.0,7.407409111427064,468.8280863474356,entry_new,468359.25826110033
395,2023-08-31,NVDA,SELL,611.0657080126789,49.259,49.209741,0.001,3.0553285400633947,0.8359567092629384,0.10143690753010469,3.9927221568564377,30535.220589476132,rebalance_trim,30070.385225285554
396,2023-08-31,META,BUY,103.89269515918906,293.3143,293.60761429999997,0.001,1.0,0.0,0.0,1.0,30.534220589477627,rebalance_add,30503.686368886654
397,2023-10-31,NVDA,SELL,9442.114485956155,40.7041,40.6633959,0.001,47.210572429780775,10.673766617420572,1.5673910046687218,59.45173005187007,383919.5219660977,exit_rank_or_left_ndx,383948.4394755601
398,2023-10-31,META,SELL,1585.374517444602,298.6474,298.3487526,0.001,7.92687258722301,13.149247369199186,0.2631721698958039,21.339292126318,856892.6923573953,exit_rank_or_left_ndx,472994.5096834239
399,2023-10-31,ZS,BUY,2697.1978565180343,158.69,158.84868999999998,0.001,13.485989282590172,0.0,0.0,13.485989282590172,428432.86018941505,entry_new,428446.34617869765
400,2023-10-31,PDD,BUY,4215.695268361694,101.42,101.52141999999999,0.001,21.078476341808468,0.0,0.0,21.078476341808468,428.41178171307547,entry_new,427983.3699313602
401,2023-11-30,PDD,SELL,299.63444786871855,147.44,147.29256,0.001,1.4981722393435928,1.226923111963409,0.049739318346207276,2.774834669653209,44559.561837813526,rebalance_trim,44133.924890770104
402,2023-11-30,ZS,BUY,225.12736473665987,197.53,197.72752999999997,0.001,1.1256368236832994,0.0,0.0,1.1256368236832994,44.5584362009904,rebalance_add,44513.87776478885
403,2024-01-31,ZS,SELL,406.9868675710719,235.67,235.43433,0.001,2.0349343378553595,2.6637593174939544,0.06755982001679793,4.766253475366112,95858.47266811968,rebalance_trim,95818.68048539404
404,2024-01-31,PDD,BUY,754.0252593570303,126.87,126.99686999999999,0.001,3.770126296785152,0.0,0.0,3.770126296785152,95.85470254183747,rebalance_add,95758.84783928105
405,2024-02-29,PDD,SELL,4670.086079850005,124.54,124.41546000000001,0.001,23.350430399250026,16.15265923862296,0.7752342892551009,40.27832392712809,581086.48424275,exit_rank_or_left_ndx,581030.9078641352
406,2024-02-29,ZS,SELL,56.92841508880426,241.97,241.72803,0.001,1.0,0.3825611829262022,0.009450116904741507,1.3920112998309435,594846.2858618891,rebalance_trim,13761.193630438927
407,2024-02-29,CRWD,BUY,7325.2658169936985,81.0375,81.11853749999999,0.001,36.626329084968496,0.0,0.0,36.626329084968496,594.809659532737,entry_new,594214.8498732714
408,2024-04-30,ZS,SELL,2458.409938594818,172.94,172.76706,0.001,12.29204969297409,11.80755675476944,0.40809604980673975,24.50770249755027,425302.5593228424,exit_rank_or_left_ndx,424732.2573658072
409,2024-04-30,CRWD,SELL,754.9788487249047,73.135,73.06186500000001,0.001,3.7748942436245234,1.533452523710365,0.12532648888833417,5.433673256223223,480457.2883729806,rebalance_trim,55160.16272339442
410,2024-04-30,NVDA,BUY,5558.893748433599,86.2527,86.3389527,0.001,27.794468742167997,0.0,0.0,27.794468742167997,480.4294939042884,entry_new,479949.06441033416
411,2024-05-31,CRWD,SELL,6570.286968268794,78.4175,78.3390825,0.001,32.85143484134397,14.308945029393575,1.0906676367326198,48.25104750747017,515142.4313022808,exit_rank_or_left_ndx,514710.25285588397
412,2024-05-31,NVDA,SELL,425.98613598139445,109.4436,109.3341564,0.001,2.1299306799069724,1.2947804078742764,0.07071369857291147,3.4954247863541603,561713.7706931159,rebalance_trim,46574.83481562145
413,2024-05-31,CEG,BUY,2611.245067361131,214.6786,214.89327859999997,0.001,13.056225336805655,0.0,0.0,13.056225336805655,561.7007144677918,entry_new,561139.0137533112
414,2024-07-31,NVDA,SELL,468.01691361450753,116.8274,116.71057259999999,0.001,2.3400845680725375,1.5185061108892626,0.07769080766000824,3.9362814866218083,55180.28640741507,rebalance_trim,54622.521974433905
415,2024-07-31,CEG,BUY,293.6152668001833,187.5535,187.7410535,0.001,1.4680763340009164,0.0,0.0,1.4680763340009164,55.178818331085495,rebalance_add,55123.639512749985
416,2024-09-30,CEG,SELL,2904.8603341613143,257.4209,257.1634791,0.001,14.524301670806572,20.76726691734384,0.48220681547077815,35.77377540362119,747043.3948754397,exit_rank_or_left_ndx,747023.9898325122
417,2024-09-30,NVDA,BUY,747.3858803578005,121.2505,121.37175049999999,0.001,3.7369294017890025,0.0,0.0,3.7369294017890025,656328.1253480281,rebalance_add,90711.5325980098
418,2024-09-30,MELI,BUY,319.2144035747164,2051.96,2054.01196,0.001,1.596072017873582,0.0,0.0,1.596072017873582,656.3265292759752,entry_new,655670.2027467343
419,2024-10-31,MELI,SELL,319.2144035747164,2037.18,2035.14282,0.001,1.596072017873582,18.06018386102353,0.052989590993402926,19.70924546989051,650283.5187594725,exit_rank_or_left_ndx,649646.9014756664
420,2024-10-31,NVDA,SELL,253.21753584784068,132.5529,132.4203471,0.001,1.2660876792392035,0.9321660808880217,0.042034110950741554,2.240287871077967,683812.4324603792,rebalance_trim,33531.153988777754
421,2024-10-31,ARM,BUY,4829.597127502837,141.3,141.44129999999998,0.001,24.147985637514186,0.0,0.0,24.147985637514186,683.788284474751,entry_new,683104.4961902669
422,2024-12-31,ARM,SELL,4829.597127502837,123.36,123.23664,0.001,24.147985637514186,16.546096366809415,0.8017131231654709,41.495795127489075,595825.6150364485,exit_rank_or_left_ndx,595183.3225471012
423,2024-12-31,NVDA,SELL,5159.059043347657,134.0897,133.9556103,0.001,25.795295216738285,19.212160295765276,0.8564038011957111,45.86385931369927,1286864.6539025044,exit_rank_or_left_ndx,691084.9027253696
424,2024-12-31,APP,BUY,1984.9598166131564,323.83,324.15382999999997,0.001,9.924799083065782,0.0,0.0,9.924799083065782,643422.4021521691,entry_new,643432.3269512522
425,2024-12-31,MSTR,BUY,2217.1320329953596,289.62,289.90961999999996,0.001,11.0856601649768,0.0,0.0,11.0856601649768,643.4113164921291,entry_new,642767.9051755121
426,2025-02-28,APP,SELL,122.20691987332343,325.74,325.41426,0.001,1.0,1.1055469082493004,0.02028634869897169,2.1258332569482716,40409.15988069202,rebalance_trim,39767.87439745684
427,2025-02-28,MSTR,BUY,157.8805320303599,255.43,255.68542999999997,0.001,1.0,0.0,0.0,1.0,40.40815988068789,rebalance_add,40367.751720811335
428,2025-03-31,MSTR,SELL,331.3401132808302,288.27,287.98172999999997,0.001,1.6567005664041512,2.652673193340063,0.055002458804617814,4.3643762185488315,95455.9428246716,rebalance_trim,95419.89904100946
429,2025-03-31,APP,BUY,359.5253335290062,264.97,265.23497,0.001,1.7976266676450312,0.0,0.0,1.7976266676450312,95.45414519800397,rebalance_add,95358.69105280595
430,2025-04-30,MSTR,SELL,234.46256517041212,380.11,379.72989,0.001,1.1723128258520605,2.4751019454595404,0.03892078581828841,3.686335557129889,89124.21189091931,rebalance_trim,89032.44408127843
431,2025-04-30,APP,BUY,330.2680683841309,269.31,269.57930999999996,0.001,1.6513403419206547,0.0,0.0,1.6513403419206547,89.12256055057514,rebalance_add,89033.43799002681
432,2025-06-30,APP,SELL,2552.54629865297,350.08,349.72992,0.001,12.762731493264852,24.817110396512742,0.42372268557639303,38.00356457535399,892752.9318201746,exit_rank_or_left_ndx,892701.8128241993
433,2025-06-30,MSTR,SELL,1809.2098865744772,404.23,403.82577000000003,0.001,9.046049432872387,20.310834999943918,0.3003288411713632,29.65721327398767,1623328.8501444515,exit_rank_or_left_ndx,730605.575537551
434,2025-06-30,ZS,BUY,2582.8297493174655,313.94,314.25393999999994,0.001,12.914148746587328,0.0,0.0,12.914148746587328,811651.5109234791,entry_new,811664.4250722257
435,2025-06-30,PLTR,BUY,5941.902724684691,136.32,136.45631999999998,0.001,29.709513623423454,0.0,0.0,29.709513623423454,811.621801409754,entry_new,810810.179608446
436,2025-07-31,PLTR,SELL,639.5194551225625,158.35,158.19164999999998,0.001,3.1975972756128126,2.812432531199707,0.10616022955034538,6.116190036362865,101972.14342431248,rebalance_trim,101166.6378129391
437,2025-07-31,ZS,BUY,356.3756287997698,285.56,285.84556,0.001,1.7818781439988491,0.0,0.0,1.7818781439988491,101.97036154616217,rebalance_add,101868.39118462232
438,2025-09-30,ZS,SELL,2939.2053781172353,299.66,299.36034,0.001,14.696026890586177,24.460706292779516,0.48790809276746105,39.64464127613316,879943.8470432742,exit_rank_or_left_ndx,879881.5213230042
439,2025-09-30,PLTR,SELL,239.32931967506107,182.42,182.23757999999998,0.001,1.1966465983753054,1.2124913299295004,0.03972866706606014,2.4488665953708657,923556.1942173083,rebalance_trim,43614.79604062951
440,2025-09-30,APP,BUY,1282.7462996898503,718.54,719.2585399999999,0.001,6.413731498449252,0.0,0.0,6.413731498449252,923.5497804858023,entry_new,922626.2307053241
441,2025-10-31,PLTR,SELL,5063.053949887068,200.47,200.26953,0.001,25.315269749435338,28.18851709045704,0.8404669556812532,54.34425379557363,1014844.6404352168,exit_rank_or_left_ndx,1013975.4349085266
442,2025-10-31,APP,BUY,154.64110149173663,637.33,637.96733,0.001,1.0,0.0,0.0,1.0,916187.6698082746,rebalance_add,98655.97062694223
443,2025-10-31,MU,BUY,4090.0532253983697,223.5513,223.77485129999997,0.001,20.45026612699185,0.0,0.0,20.45026612699185,916.1672195421997,entry_new,915251.0523226054
444,2025-12-31,MU,SELL,4090.0532253983697,285.2463,284.96105370000004,0.001,20.45026612699185,32.40106337500117,0.6789488354161294,53.53027833740915,1166368.513739808,exit_rank_or_left_ndx,1165505.8767986032
445,2025-12-31,APP,BUY,146.64933110553247,673.82,674.49382,0.001,1.0,0.0,0.0,1.0,1067453.4462019927,rebalance_add,98914.06753781543
446,2025-12-31,WDC,BUY,6188.411079009452,172.1427,172.31484269999999,0.001,30.94205539504726,0.0,0.0,30.94205539504726,1067.4225041465834,entry_new,1066355.081642451
447,2026-03-31,APP,SELL,1584.0367322871193,398.0,397.602,0.001,7.920183661435597,17.508889604696886,0.2629500975596618,25.692023363692147,630857.9033116061,exit_rank_or_left_ndx,629816.1728308232
448,2026-03-31,WDC,SELL,1927.7624699191263,270.4195,270.1490805,0.001,9.638812349595632,14.477774591055494,0.32000857000657495,24.4365955106577,1151616.7253871565,rebalance_trim,520783.2586710609
449,2026-03-31,MU,BUY,3402.4254102856585,337.7881,338.12588809999994,0.001,17.012127051428294,0.0,0.0,17.012127051428294,1151.599713260075,entry_new,1150448.113546845
450,2026-04-30,WDC,SELL,104.02103611436563,434.4067,433.9722933,0.001,1.0,1.2549544831130157,0.017267491994984695,2.2722219751080006,46291.57508527834,rebalance_trim,45142.24759399337
451,2026-04-30,MU,BUY,89.34408940922988,517.0805,517.5975804999999,0.001,1.0,0.0,0.0,1.0,46.29057508528058,rebalance_add,46244.28451019306
452,2026-06-30,MU,SELL,595.6643623261709,1154.1125,1152.9583874999998,0.001,2.9783218116308547,19.092378990470575,0.09888028414614437,22.169581086247575,686800.3436727967,rebalance_trim,686776.2226787977
453,2026-06-30,WDC,BUY,1073.1193016311913,638.72,639.35872,0.001,5.3655965081559565,0.0,0.0,5.3655965081559565,686.7949780762428,rebalance_add,686108.1830982124
