trade_id,symbol,entry_date,exit_date,hold_days,shares,entry_px,exit_px,entry_mkt_px,exit_mkt_px,gross_pnl,entry_fees,exit_fees,total_fees,net_pnl,return_pct,reason_entry,reason_exit,status
1,ISRG,2006-01-31,2006-02-28,28,326.99415716428206,15.2674522,10.0121778,10.0222,10.0222,-1718.444023095028,1.6349707858214104,1.7802668931329815,3.4152376789543917,-1721.8592607739822,-0.3442142363478302,entry_new,exit_rank_or_left_ndx,CLOSED
2,VRTX,2006-01-31,2006-02-28,28,32.02410100286077,35.75572,43.196760000000005,35.75572,43.24,238.29261652632735,0.22900895774200172,1.0437727806320451,1.272781738374047,237.0198347879533,0.20810768179189254,entry_new,rebalance_trim,CLOSED
3,AKAM,2006-02-28,2006-03-31,31,27.67740920497244,26.5265,32.85711,26.5265,32.89,175.2148834870906,0.15776109661611093,1.029875760997631,1.187636857613742,174.02724662947685,0.2386522911051212,entry_new,rebalance_trim,CLOSED
4,VRTX,2006-01-31,2006-05-31,120,107.81366481474831,35.75572,34.4655,34.5,34.5,-139.10334661728433,1.0,0.9337238560271698,1.9337238560271697,-141.0370704733115,-0.03608429644263911,entry_new,exit_rank_or_left_ndx,CLOSED
5,VRTX,2006-03-31,2006-05-31,61,24.875813149302274,36.62659,34.4655,34.5,34.5,-53.75887103882569,1.0,0.21543781315186825,1.2154378131518682,-54.974308851977554,-0.05900330879833482,rebalance_add,exit_rank_or_left_ndx,CLOSED
6,AKAM,2006-02-28,2006-06-30,122,6.63798833359602,26.5265,36.15381,26.5265,36.19,63.90597146391231,0.0449237155484908,1.0077735882814394,1.05269730382993,62.85327416008238,0.36293178519593616,entry_new,rebalance_trim,CLOSED
7,AKAM,2006-02-28,2006-07-31,153,6.705180702124593,26.5265,39.59037,26.5265,39.63,87.59560901906441,0.0475129076855125,1.0084928642571611,1.0560057719426736,86.53960324712173,0.492483742672422,entry_new,rebalance_trim,CLOSED
8,TCOM,2006-05-31,2006-10-31,153,771.6102203663153,5.915609699999999,6.0426513,5.915609699999999,6.0487,98.02659697169003,3.8580511018315766,4.115757886145461,7.973808987977038,90.05278798371299,0.021475656177925462,entry_new,exit_rank_or_left_ndx,CLOSED
9,TCOM,2006-06-30,2006-10-31,123,38.41269724381604,6.308001699999999,6.0426513,6.0487,6.0487,-10.19282457872545,1.0,0.20489277803279812,1.204892778032798,-11.397717356758248,-0.04206568301971114,rebalance_add,exit_rank_or_left_ndx,CLOSED
10,TCOM,2006-07-31,2006-10-31,92,42.12032322945632,6.254248,6.0426513,6.0487,6.0487,-8.912521398286275,0.9999999999999987,0.2246692020439166,1.2246692020439154,-10.13719060033019,-0.033832476742207795,rebalance_add,exit_rank_or_left_ndx,CLOSED
11,AKAM,2006-02-28,2006-10-31,245,12.312340778527062,26.5265,46.81314,26.5265,46.86,249.77602493129822,0.09159729551685795,1.018067194015318,1.1096644895321761,248.66636044176605,0.7647688160895707,entry_new,rebalance_trim,CLOSED
12,AKAM,2006-02-28,2007-01-31,337,122.10582854680031,26.5265,56.12382,26.5265,56.18,3614.005281364784,1.0,1.210784233615028,2.210784233615028,3611.794497131169,1.1157642357642361,entry_new,exit_rank_or_left_ndx,CLOSED
13,ORCL,2006-10-31,2007-01-31,92,389.266032438025,14.675360699999999,13.607279100000001,13.6209,13.6209,-415.76788675205665,1.946330162190125,2.1582007965962786,4.104530958786404,-419.8724177108431,-0.07278060293264188,entry_new,exit_rank_or_left_ndx,CLOSED
14,EXPE,2007-01-31,2007-02-28,28,214.8858731697856,28.276047799999997,27.9696024,27.9976,27.9976,-65.85078735786371,1.0744293658489281,1.277185994458526,2.351615360307454,-68.20240271817116,-0.010837631983349416,entry_new,exit_rank_or_left_ndx,CLOSED
15,WYNN,2007-01-31,2007-05-31,120,95.15062064313945,63.77230859999999,54.9644805,55.0195,55.0195,-838.0703102330825,1.0,1.0996987634093762,2.0996987634093762,-840.1700089964919,-0.13811367807374608,entry_new,exit_rank_or_left_ndx,CLOSED
16,WYNN,2007-02-28,2007-05-31,92,6.233888399688439,55.941986099999994,54.9644805,55.0195,55.0195,-6.093660820470447,0.9999999999999999,0.0720478680857004,1.0720478680857002,-7.165708688556148,-0.017473559094820845,rebalance_add,exit_rank_or_left_ndx,CLOSED
17,RYAAY,2007-02-28,2007-05-31,92,389.31740497859494,14.532417899999997,13.3521345,13.365500000000003,13.3655,-459.50487042731174,1.9465870248929746,2.155724184373553,4.102311209266528,-463.6071816365782,-0.0812172763074751,entry_new,exit_rank_or_left_ndx,CLOSED
18,LBTYA,2007-05-31,2007-07-31,61,44.784210102546034,8.3368285,9.085005899999999,8.3368285,9.0941,33.5065338755766,0.22392105051273017,1.0187450206786581,1.2426660711913884,32.263867804385214,0.08974364771927346,entry_new,rebalance_trim,CLOSED
19,PCAR,2007-05-31,2007-08-31,92,258.8868073816174,20.806585799999997,20.4188607,20.4393,20.4393,-100.37691328071764,1.2944340369080871,1.4843648745978402,2.7787989115059273,-103.15571219222358,-0.01863472958643686,entry_new,exit_rank_or_left_ndx,CLOSED
20,PCAR,2007-07-31,2007-08-31,31,21.00855734255009,19.5071877,20.4188607,19.5071877,20.4393,19.15293449815468,0.9999999999999988,0.12045559563523045,1.1204555956352293,18.032478902519447,0.046735234930866065,rebalance_add,exit_rank_or_left_ndx,CLOSED
21,LBTYA,2007-05-31,2007-08-31,92,600.1432305344504,8.3368285,8.879112,8.3368285,8.888,325.44777155552856,3.224637203184982,3.248478872027781,6.473116075212763,318.97465548031585,0.06504673809710737,entry_new,exit_rank_or_left_ndx,CLOSED
22,ISRG,2007-08-31,2007-10-31,61,32.10696110824397,24.611186599999996,36.28248120000001,24.611186599999996,36.3188,374.72980180505823,0.16053480554121988,1.0377145374597805,1.1982493430010004,373.5315524620572,0.4742272199098281,entry_new,rebalance_trim,CLOSED
23,GRMN,2007-08-31,2007-11-30,91,99.77883912713622,55.242987799999995,58.1212206,55.242987799999995,58.1794,287.18672752164747,1.0,1.0105773225825208,2.0105773225825208,285.1761501990649,0.05210132388965394,entry_new,exit_rank_or_left_ndx,CLOSED
24,GRMN,2007-10-31,2007-11-30,30,20.033254556184396,58.26470649999999,58.1212206,58.1794,58.1794,-2.8744895599229685,1.0,0.20290026351385926,1.2029002635138593,-4.077389823436828,-0.002462655501405231,rebalance_add,exit_rank_or_left_ndx,CLOSED
25,TCOM,2007-11-30,2008-02-29,91,466.5461509112923,14.905890999999999,15.0022827,14.905890999999999,15.0173,44.971176614796775,2.3327307545564615,2.6047567671179284,4.93748752167439,40.03368909312238,0.006466684883178253,entry_new,exit_rank_or_left_ndx,CLOSED
26,ISRG,2007-08-31,2008-04-30,243,192.16992019403548,24.611186599999996,32.10786,24.611186599999996,32.14,1440.6351289987497,1.1213844065113974,1.1642803917700624,2.2856647982814597,1438.3494642004682,0.30460430542589156,entry_new,exit_rank_or_left_ndx,CLOSED
27,ISRG,2008-02-29,2008-04-30,61,15.691015114837825,31.355724399999996,32.10786,31.355724399999996,32.14,11.801771068007712,0.9999999999999993,0.09506556076376188,1.0950655607637612,10.70670550724395,0.023987186212161227,rebalance_add,exit_rank_or_left_ndx,CLOSED
28,STLD,2008-02-29,2008-04-30,61,23.865288541348043,19.3166974,23.0970798,19.3166974,23.1202,90.21991677263382,0.1193264427067402,1.019285511471993,1.1386119541787332,89.0813048184551,0.19570542115548184,entry_new,rebalance_trim,CLOSED
29,CHRW,2008-04-30,2008-06-30,61,172.07024480881108,41.96652459999999,36.7728903,36.8097,36.8097,-893.6699254484369,1.0,1.2044687232059725,2.2044687232059728,-895.8743941716428,-0.12375659765736224,entry_new,exit_rank_or_left_ndx,CLOSED
30,STLD,2008-02-29,2008-06-30,122,34.50894506840509,19.3166974,25.959015,19.3166974,25.985,229.2193731853004,0.1857109792046405,1.0306322314714396,1.21634321067608,228.00302997462435,0.34386403961579903,entry_new,rebalance_trim,CLOSED
31,STLD,2008-02-29,2008-07-31,153,278.24741672919504,19.3166974,21.04893,19.3166974,21.07,481.98924612409695,1.6831082516947407,1.6002454838711213,3.283353735565862,478.7058923885311,0.08967540175889477,entry_new,exit_rank_or_left_ndx,CLOSED
32,BBBY,2008-06-30,2008-09-30,92,24.46448197981912,22.025503499999996,16.7805027,16.7973,16.7973,-128.31622755573676,0.1223224098990956,1.0154737353131276,1.1377961452122232,-129.45402370094897,-0.23813307150957963,entry_new,rebalance_trim,CLOSED
33,BBBY,2008-06-30,2008-10-31,123,303.3130962153597,22.025503499999996,10.512177300000001,10.5227,10.5227,-3492.14261745942,1.6388878909758942,1.6555552280947614,3.294443119070656,-3495.4370605784907,-0.5227270377723714,entry_new,exit_rank_or_left_ndx,CLOSED
34,BBBY,2008-07-31,2008-10-31,92,30.56485968435861,15.0741591,10.512177300000001,10.5227,10.5227,-139.43633359959767,1.0,0.16683029476081104,1.1668302947608111,-140.6031638943585,-0.30263590623771497,rebalance_add,exit_rank_or_left_ndx,CLOSED
35,VRTX,2008-07-31,2008-10-31,92,17.38304375036413,34.534499999999994,26.183790000000002,26.209999999999997,26.21,-145.1607572766031,0.11118512226557681,1.015538865548506,1.126723987814083,-146.28748126441718,-0.24180775745993122,entry_new,rebalance_trim,CLOSED
36,VRTX,2008-07-31,2008-12-31,153,138.96020970078547,34.534499999999994,30.349619999999998,30.38,30.38,-581.5318023726226,1.0,1.0591213884836066,2.0591213884836064,-583.5909237611062,-0.121179689875342,entry_new,exit_rank_or_left_ndx,CLOSED
37,VRTX,2008-09-30,2008-12-31,92,12.279028459708542,33.27324,30.349619999999998,30.38,30.38,-35.89921318537313,0.9999999999999991,0.09358780977287717,1.0935878097728762,-36.992800995146006,-0.08786700663956992,rebalance_add,exit_rank_or_left_ndx,CLOSED
38,AMGN,2008-10-31,2009-03-31,151,98.3314807515216,40.247006799999994,33.211755,33.245,33.245,-691.7867269538074,1.0,1.015111912910192,2.015111912910192,-693.8018388667176,-0.17480186377487328,entry_new,exit_rank_or_left_ndx,CLOSED
39,AMGN,2008-12-31,2009-03-31,90,9.96301451080371,38.80887009999999,33.211755,33.245,33.245,-55.76413895993852,1.0,0.10285185010048224,1.1028518501004823,-56.866990810039006,-0.14422257297307906,rebalance_add,exit_rank_or_left_ndx,CLOSED
40,RYAAY,2008-12-31,2009-04-30,120,446.0112800359114,9.422613199999999,8.844346799999999,8.8532,8.8532,-257.9133372657585,2.230056400179557,2.413756333223835,4.643812733403392,-262.5571499991619,-0.06137006663926314,entry_new,exit_rank_or_left_ndx,CLOSED
41,RYAAY,2009-03-31,2009-04-30,30,17.323482761953528,7.488180699999999,8.844346799999999,7.488180699999999,8.8532,23.493520055695733,0.9999999999999988,0.09375248587164092,1.0937524858716396,22.399767569824093,0.1811075552704009,rebalance_add,exit_rank_or_left_ndx,CLOSED
42,MRVL,2009-04-30,2009-06-30,61,428.8034200279978,9.355145799999999,9.8975925,9.355145799999999,9.9075,232.60300014290175,2.144017100139989,2.333185045955045,4.477202146095034,228.1257979968067,0.05798377829664614,entry_new,exit_rank_or_left_ndx,CLOSED
43,AKAM,2009-03-31,2009-06-30,91,178.21012770155855,19.419399999999996,19.16082,19.18,19.18,-46.0815748210681,1.0,1.1035100302925427,2.1035100302925427,-48.18508485136064,-0.013315550428952272,entry_new,exit_rank_or_left_ndx,CLOSED
44,AKAM,2009-04-30,2009-06-30,61,3.822722898648152,22.042019999999997,19.16082,19.18,19.18,-11.014029215585042,0.8426053458646053,0.02367100633445271,0.8662763521990581,-11.8803055677841,-0.1307139726758254,rebalance_add,exit_rank_or_left_ndx,CLOSED
45,JAVA,2009-06-30,2009-07-31,31,448.0972107157545,8.607999399999999,8.5441473,8.5527,8.5527,-28.611947908342668,2.2404860535787727,2.4213055088890605,4.661791562467833,-33.273739470810504,-0.007417763063505611,entry_new,exit_rank_or_left_ndx,CLOSED
46,BIDU,2009-06-30,2009-07-31,31,9.100800086303407,30.139108999999998,34.779186,30.139108999999998,34.814,42.2284131620545,0.07098010970532426,1.0103099448611466,1.0812900545664708,41.14712310748803,0.15395534751873408,entry_new,rebalance_trim,CLOSED
47,BIDU,2009-06-30,2009-08-31,62,119.11540194671134,30.139108999999998,32.972994,30.139108999999998,33.006,337.55935084575634,1.0,1.1289601985799167,2.1289601985799167,335.4303906471764,0.0940268340381265,entry_new,exit_rank_or_left_ndx,CLOSED
48,STX,2009-07-31,2009-08-31,31,57.66226708710357,6.223717499999999,7.1450477999999995,6.223717499999999,7.1522,53.12599383404127,0.2883113354355179,1.0210255267341648,1.3093368621696828,51.81665697187159,0.14803536632245917,entry_new,rebalance_trim,CLOSED
49,STX,2009-07-31,2009-09-30,61,607.2280937564208,6.223717499999999,7.8466455,6.223717499999999,7.8545,985.487475743921,3.324451804217622,3.2693990921295275,6.593850896347149,978.8936248475738,0.2607650491848321,entry_new,exit_rank_or_left_ndx,CLOSED
50,WYNN,2009-08-31,2009-09-30,30,10.70944498132795,32.380748399999995,42.321835799999995,32.380748399999995,42.3642,106.46352856487253,0.07997242390203375,1.0143779336087477,1.0943503575107816,105.36917820736176,0.3070061036637437,entry_new,rebalance_trim,CLOSED
51,EXPE,2009-09-30,2009-11-30,61,165.07811274262758,31.571640099999996,33.521345100000005,31.571640099999996,33.5549,321.8536218048661,1.0,1.181238169437801,2.181238169437801,319.67238363542833,0.06175494823279726,entry_new,exit_rank_or_left_ndx,CLOSED
52,WYNN,2009-08-31,2009-11-30,91,123.20477768181183,32.380748399999995,40.920038999999996,32.380748399999995,40.961,1052.0813999333857,1.0,1.1606069248499655,2.1606069248499655,1049.9207930085356,0.26371504742614293,entry_new,exit_rank_or_left_ndx,CLOSED
53,STX,2009-11-30,2009-12-31,31,674.7493532615356,7.821013199999999,9.3839067,7.821013199999999,9.3933,1054.5613783416586,3.373746766307678,3.661778781306679,7.035525547614357,1047.5258527940443,0.1998326124804395,entry_new,exit_rank_or_left_ndx,CLOSED
54,WYNN,2009-12-31,2010-03-31,90,158.23526458877913,36.99325629999999,48.0781737,36.99325629999999,48.1263,1754.024837733763,1.0,1.2377600724326783,2.2377600724326783,1751.7870776613304,0.2996469764679788,entry_new,exit_rank_or_left_ndx,CLOSED
55,BIDU,2010-03-31,2010-04-30,30,6.586521158409166,59.759699999999995,68.827104,59.759699999999995,68.896,59.722648297843975,0.05445924022059134,1.0136959692264471,1.0681552094470383,58.65449308839694,0.1517310829873646,entry_new,rebalance_trim,CLOSED
56,BKNG,2009-11-30,2010-06-30,212,630.0149259984281,8.395086699999998,6.9077853,6.9147,6.9147,-937.0220814583578,3.1500746299921407,3.375642925787552,6.525717555779693,-943.5477990141375,-0.1771633162525884,entry_new,exit_rank_or_left_ndx,CLOSED
57,BKNG,2009-12-31,2010-06-30,181,55.108545164269465,8.5632547,6.9077853,6.9147,6.9147,-91.23051019796608,1.0,0.29527359266830155,1.2952735926683014,-92.52578379063438,-0.19332245250161717,rebalance_add,exit_rank_or_left_ndx,CLOSED
58,BKNG,2010-03-31,2010-06-30,91,38.24059259095182,9.9977878,6.9077853,6.9147,6.9147,-118.16352670752259,1.0,0.20489448825835035,1.2048944882583503,-119.36842119578094,-0.3090686221605944,rebalance_add,exit_rank_or_left_ndx,CLOSED
59,BKNG,2010-04-30,2010-06-30,61,43.92027347633595,10.274263999999999,6.9077853,6.9147,6.9147,-147.85666515625988,0.9999999999999993,0.23532642536062393,1.2353264253606233,-149.0919915816205,-0.32766130011843175,rebalance_add,exit_rank_or_left_ndx,CLOSED
60,BIDU,2010-03-31,2010-06-30,91,18.27911753021867,59.759699999999995,68.01192,59.759699999999995,68.08,150.84329926522128,0.1598418351843931,1.0375952345499924,1.1974370697343855,149.6458621954869,0.13809005065286484,entry_new,rebalance_trim,CLOSED
61,BBBY,2010-06-30,2010-08-31,62,425.7662121814536,15.337221899999998,11.8675206,11.8794,11.8794,-1477.281579902064,2.128831060907268,2.339975794498346,4.468806855405614,-1481.7503867574696,-0.22622749560661948,entry_new,exit_rank_or_left_ndx,CLOSED
62,BIDU,2010-03-31,2010-08-31,153,15.80035699203132,59.759699999999995,78.35157000000001,59.759699999999995,78.43,293.75818314943757,0.164452726851402,1.0370387804581116,1.2014915073095136,292.5566916421281,0.3111104975426586,entry_new,rebalance_trim,CLOSED
63,WYNN,2010-08-31,2010-09-30,30,122.0342487375138,51.5153639,55.3412034,51.5153639,55.3966,466.8834491728055,1.0,1.2080056019263679,2.208005601926368,464.67544357087917,0.07426598999526823,entry_new,exit_rank_or_left_ndx,CLOSED
64,BIDU,2010-03-31,2010-09-30,183,7.208765296655796,59.759699999999995,102.51738,59.759699999999995,102.62,308.2300797495136,0.08979745729551578,1.0217415147679414,1.1115389720634572,307.11854077745016,0.7154935516744563,entry_new,rebalance_trim,CLOSED
65,NTAP,2010-09-30,2010-11-30,61,205.28557848250819,36.47644,37.2371256,36.47644,37.2744,156.15778343931427,1.026427892412541,1.2730153058216838,2.2994431982342247,153.85834024108007,0.02085416230311954,entry_new,exit_rank_or_left_ndx,CLOSED
66,BIDU,2010-03-31,2010-12-31,275,73.06929060566628,59.759699999999995,96.43347,59.759699999999995,96.53,2679.7263577353665,1.0,1.2080173440110304,2.2080173440110302,2677.5183403913557,0.6136873177074182,entry_new,exit_rank_or_left_ndx,CLOSED
67,BKNG,2010-11-30,2010-12-31,31,21.934147853117636,15.4495341,15.6339504,15.4495341,15.6496,4.045014390724909,0.10967073926558818,1.0131741716965506,1.1228449109621388,2.9221694797627706,0.011936690052032128,entry_new,rebalance_trim,CLOSED
68,BKNG,2010-11-30,2011-01-31,62,53.04736325199982,15.4495341,16.7675157,15.4495341,16.7843,69.915448694652,0.27754685425524644,1.0335331976934,1.3110800519486463,68.60436864270335,0.08530882494378922,entry_new,rebalance_trim,CLOSED
69,BKNG,2010-11-30,2011-02-28,90,419.5542279196232,15.4495341,17.7598224,15.4495341,17.7776,969.2912239782395,2.472678695123703,2.374560739818375,4.847239434942078,964.4439845432975,0.14953773266211323,entry_new,exit_rank_or_left_ndx,CLOSED
70,FFIV,2010-12-31,2011-02-28,59,56.69097157422406,130.29016,117.89199,118.01,118.01,-702.8643030423963,1.0,1.0683063395763277,2.0683063395763277,-704.9326093819726,-0.09515814548082513,entry_new,exit_rank_or_left_ndx,CLOSED
71,FFIV,2011-01-31,2011-02-28,28,8.239940533426752,108.48837999999998,117.89199,108.48837999999998,118.01,77.48518719953738,1.0,0.15527658929017454,1.1552765892901746,76.32991061024721,0.08667849957755869,rebalance_add,exit_rank_or_left_ndx,CLOSED
72,ILMN,2011-02-28,2011-03-31,31,111.57085640236913,67.57720969999998,68.0933385,67.57720969999998,68.1615,57.584932229929144,1.0,1.2297238143132045,2.2297238143132043,55.35520841561594,0.007637616324960739,entry_new,exit_rank_or_left_ndx,CLOSED
73,WYNN,2011-03-31,2011-05-31,61,86.59758119283308,87.70391629999999,101.20209659999999,87.70391629999999,101.3034,1168.90976448475,1.0,1.2580104168842658,2.258010416884266,1166.6517540678658,0.15390624352312998,entry_new,exit_rank_or_left_ndx,CLOSED
74,VRTX,2011-05-31,2011-06-30,30,145.10347137922568,54.043989999999994,51.93801,51.989999999999995,51.99,-305.58500865522103,1.0,1.233598694470256,2.233598694470256,-307.81860734969126,-0.038967885235712485,entry_new,exit_rank_or_left_ndx,CLOSED
75,MU,2011-02-28,2011-06-30,122,695.0997140693602,10.8641533,7.286706,7.294,7.294,-2486.6825953282046,3.475498570346801,3.7316917686299034,7.207190338976704,-2493.889785667181,-0.3292891034591716,entry_new,exit_rank_or_left_ndx,CLOSED
76,MU,2011-05-31,2011-06-30,30,92.9361527040187,9.9563464,7.286706,7.294,7.294,-248.10610787921752,0.9999999999999999,0.4989342809873637,1.4989342809873636,-249.60504216020487,-0.26813454381217594,rebalance_add,exit_rank_or_left_ndx,CLOSED
77,EA,2011-06-30,2011-08-31,62,289.10505285507753,22.925702799999996,21.891087,21.913,21.913,-299.1126555436976,1.4455252642753877,1.6694580064738154,3.114983270749203,-302.2276388144468,-0.04512907669726918,entry_new,exit_rank_or_left_ndx,CLOSED
78,BIIB,2011-06-30,2011-09-30,92,4.5650288727555965,107.02691999999999,93.05685000000001,93.14999999999999,93.15,-63.77377290441668,0.07361454825617378,1.0125674351490812,1.086181983405255,-64.85995488782194,-0.13052856234674393,entry_new,rebalance_trim,CLOSED
79,EXPE,2011-08-31,2011-10-31,61,150.91357811138838,40.33889859999999,34.879086,34.914,34.914,-823.9598552836413,1.0,1.0958412521849754,2.095841252184975,-826.0556965358263,-0.1353485789024491,entry_new,exit_rank_or_left_ndx,CLOSED
80,EXPE,2011-09-30,2011-10-31,31,12.331894555864267,34.2701359,34.879086,34.2701359,34.914,7.509508422983017,1.0,0.08954660634934339,1.0895466063493433,6.419961816633673,0.01776911833022532,rebalance_add,exit_rank_or_left_ndx,CLOSED
81,BIIB,2011-06-30,2011-10-31,123,57.4475621285448,107.02691999999999,116.24364,107.02691999999999,116.36,529.478094821402,1.0,1.1521042708902025,2.1521042708902023,527.3259905505118,0.08611590429772265,entry_new,exit_rank_or_left_ndx,CLOSED
82,BIIB,2011-08-31,2011-10-31,61,2.586133092210345,94.29419999999999,116.24364,94.29419999999999,116.36,56.76417313948546,1.0,0.05186460260853366,1.0518646026085336,55.712308536876925,0.232776141056396,rebalance_add,exit_rank_or_left_ndx,CLOSED
83,AMZN,2011-10-31,2011-11-30,30,591.8787561930001,10.6861755,9.6048855,9.6145,9.6145,-639.9925802839285,2.9593937809650006,3.2156866440836684,6.1750804250486695,-646.1676607089772,-0.10118587328085704,entry_new,exit_rank_or_left_ndx,CLOSED
84,DLTR,2011-10-31,2011-11-30,30,9.350094461306218,40.01997999999999,40.704254999999996,40.01997999999999,40.745,6.398035887510375,0.059065214833803725,1.0121324795730902,1.071197694406894,5.326838193103481,0.017098334381976388,entry_new,rebalance_trim,CLOSED
85,DLTR,2011-10-31,2012-01-31,92,148.95110680606052,40.01997999999999,42.3576,40.01997999999999,42.4,348.19108629198445,1.0,1.2001219606956313,2.2001219606956313,345.9909643312888,0.058411323543890115,entry_new,exit_rank_or_left_ndx,CLOSED
86,FAST,2011-11-30,2012-01-31,62,30.474781472078796,7.195087899999999,8.0773146,7.195087899999999,8.0854,26.88566589133323,0.152373907360394,1.0119019059697563,1.1642758133301503,25.721390078003076,0.12261513858642381,entry_new,rebalance_trim,CLOSED
87,STX,2012-01-31,2012-02-29,29,28.067774923083793,11.3170057,14.1650208,11.3170057,14.1792,79.93744680434402,0.14033887461541897,1.0157119917507784,1.1560508663661975,78.78139593797782,0.2516580070291916,entry_new,rebalance_trim,CLOSED
88,FAST,2011-11-30,2012-04-30,152,811.3977648828807,7.195087899999999,8.1305613,7.195087899999999,8.1387,759.0410258673899,4.209362731774798,4.37508076898152,8.584443500756318,750.4565823666335,0.13001556242280254,entry_new,exit_rank_or_left_ndx,CLOSED
89,FAST,2012-02-29,2012-04-30,61,43.981477528225696,9.1338247,8.1305613,8.1387,8.1387,-44.1250066819913,0.9999999999999987,0.2371494288660111,1.2371494288660099,-45.36215611085731,-0.10984044832828899,rebalance_add,exit_rank_or_left_ndx,CLOSED
90,STX,2012-01-31,2012-04-30,90,67.87180745771884,11.3170057,16.7337495,11.3170057,16.7505,367.64419224139226,0.3566557215852665,1.0428405651482309,1.3994962867334975,366.24469595465877,0.4786375427910228,entry_new,rebalance_trim,CLOSED
91,MNST,2012-04-30,2012-05-31,31,117.36055327528628,10.844133299999998,12.0879,10.844133299999998,12.1,145.96914805737723,0.5868027663764315,1.0589201170115274,1.645722883387959,144.32342517398928,0.11469489221420792,entry_new,rebalance_trim,CLOSED
92,STX,2012-01-31,2012-07-31,182,482.81483937916784,11.3170057,16.3312524,11.3170057,16.3476,2420.952715068023,2.8937721087998525,2.713423654154174,5.607195762954026,2415.3455193050686,0.4430718542449794,entry_new,exit_rank_or_left_ndx,CLOSED
93,STX,2012-05-31,2012-07-31,61,111.43740570639437,12.771658899999998,16.3312524,12.771658899999998,16.3476,396.6718650093445,0.9999999999999998,0.62627920258234,1.6262792025823398,395.0455858067622,0.2787103482696365,rebalance_add,exit_rank_or_left_ndx,CLOSED
94,MNST,2012-04-30,2012-08-31,123,627.1347468222375,10.844133299999998,9.813476699999999,9.8233,9.8233,-646.3605659016672,3.7224765004876192,3.410869649958151,7.13334615044577,-653.4939120521129,-0.0950427822572043,entry_new,exit_rank_or_left_ndx,CLOSED
95,MNST,2012-07-31,2012-08-31,31,124.2583131439867,11.081069999999999,9.813476699999999,9.8233,9.8233,-157.50900521061945,0.9999999999999996,0.6758179341926263,1.6758179341926258,-159.18482314481207,-0.11439268049024143,rebalance_add,exit_rank_or_left_ndx,CLOSED
96,BBBY,2012-08-31,2012-10-31,61,157.30428305302334,7.426719299999999,12.7907964,7.426719299999999,12.8036,843.7923024566406,0.7865214152651168,1.0820474191819434,1.8685688344470601,841.9237336221936,0.7222673812379041,entry_new,rebalance_trim,CLOSED
97,EXPE,2012-07-31,2012-11-30,122,160.37916523248438,51.893741899999995,56.483859599999995,51.893741899999995,56.5404,736.1592450448512,1.0,1.0896685361528835,2.0896685361528835,734.0695765086983,0.08845223974877792,entry_new,exit_rank_or_left_ndx,CLOSED
98,EXPE,2012-10-31,2012-11-30,30,37.32446851610548,53.994440499999996,56.483859599999995,53.994440499999996,56.5404,92.91624482134162,1.0,0.25359465434099404,1.253594654340994,91.66265016700062,0.04610510039454896,rebalance_add,exit_rank_or_left_ndx,CLOSED
99,GILD,2012-11-30,2013-01-31,62,424.83087386079285,25.762636899999997,27.0481248,25.762636899999997,27.0752,546.1149478944768,2.124154369303964,2.5141227165280737,4.638277085832038,541.4766708086448,0.04989737288887541,entry_new,exit_rank_or_left_ndx,CLOSED
100,TCOM,2013-01-31,2013-02-28,28,1073.3824529611622,9.8669571,9.5888016,9.5984,9.5984,-298.56723289463906,5.366912264805811,5.831223900427137,11.198136165232949,-309.765369059872,-0.028190605997466034,entry_new,exit_rank_or_left_ndx,CLOSED
101,BBBY,2012-08-31,2013-04-30,242,833.5436593124665,7.426719299999999,17.6190633,7.426719299999999,17.6367,8495.763714731464,4.95423971182745,4.714364530217574,9.668604242045024,8486.09511048942,1.3723884784496976,entry_new,exit_rank_or_left_ndx,CLOSED
102,BBBY,2012-11-30,2013-04-30,151,17.057692697046704,12.875762899999998,17.6190633,12.875762899999998,17.6367,80.90976059297876,1.0,0.096475068246141,1.096475068246141,79.81328552473262,0.368389852845147,rebalance_add,exit_rank_or_left_ndx,CLOSED
103,BBBY,2013-01-31,2013-04-30,89,78.04651445429296,11.407396,17.6190633,11.407396,17.6367,484.79898171470893,1.0,0.44141625377358196,1.441416253773582,483.35756546093535,0.5445298208285221,rebalance_add,exit_rank_or_left_ndx,CLOSED
104,BBBY,2013-02-28,2013-04-30,61,57.352004397250184,9.8626528,17.6190633,9.8626528,17.6367,444.84568910287754,0.9999999999999991,0.32437203768101985,1.324372037681019,443.5213170651965,0.786442619170372,rebalance_add,exit_rank_or_left_ndx,CLOSED
105,GILD,2013-02-28,2013-05-31,92,331.14267263553097,29.348819499999998,37.3532094,29.348819499999998,37.3906,2650.5950643028505,1.6557133631776548,2.054547963099165,3.71026132627682,2646.8848029765736,0.2727329424612803,entry_new,exit_rank_or_left_ndx,CLOSED
106,GILD,2013-04-30,2013-05-31,31,84.19820952349397,34.7898551,37.3532094,34.7898551,37.3906,215.82984243434925,1.0,0.5224009895682947,1.5224009895682946,214.30744144478095,0.07368108584045241,rebalance_add,exit_rank_or_left_ndx,CLOSED
107,MU,2013-04-30,2013-05-31,31,102.25013907993767,9.1949858,11.3782104,9.1949858,11.3896,223.23501899274137,0.5112506953996884,1.0493166990527556,1.5605673944524439,221.67445159828893,0.23743642975500845,entry_new,rebalance_trim,CLOSED
108,MU,2013-04-30,2013-07-31,92,91.3580071025477,9.1949858,12.8978892,9.1949858,12.9108,338.2898751172481,0.4886623062782344,1.0479228767763558,1.5365851830545902,336.7532899341935,0.4027089851514507,entry_new,rebalance_trim,CLOSED
109,VRTX,2013-05-31,2013-09-30,122,207.32183864318114,80.41032999999999,75.74418,75.82,75.82,-967.394797384877,1.0366091932159056,1.5075797684932117,2.5441889617091173,-969.9389863465861,-0.05802923579594799,entry_new,exit_rank_or_left_ndx,CLOSED
110,VRTX,2013-07-31,2013-09-30,61,14.919567527659513,79.87979999999999,75.74418,75.82,75.82,-61.701661858739065,1.0,0.10849044319966313,1.1084904431996632,-62.81015230193873,-0.051773038991083986,rebalance_add,exit_rank_or_left_ndx,CLOSED
111,MU,2013-04-30,2013-09-30,153,192.9844385050888,9.1949858,17.0185644,9.1949858,17.0356,1509.8289232214286,1.1008798980596946,1.1233394598299729,2.2242193578896674,1507.6047038635388,0.8508527114854272,entry_new,rebalance_trim,CLOSED
112,MU,2013-04-30,2013-10-31,184,1181.095803369303,9.1949858,17.223159600000002,9.1949858,17.2404,9482.042383899394,7.838441940284386,6.6670541225819075,14.505496062866293,9467.536887836528,0.873103447315819,entry_new,exit_rank_or_left_ndx,CLOSED
113,TCOM,2013-10-31,2013-12-31,61,683.7547316447357,27.0232963,24.66531,24.69,24.69,-1612.284289778461,3.4187736582236785,4.0011245669522655,7.4198982251759436,-1619.704188003637,-0.08725753786002777,entry_new,exit_rank_or_left_ndx,CLOSED
114,TSLA,2013-09-30,2013-12-31,92,1556.7323912580728,12.904191299999997,10.018671300000001,10.0287,10.0287,-4491.982449622988,7.783661956290364,8.475659178855361,16.259321135145726,-4508.2417707581335,-0.22361106813411835,entry_new,exit_rank_or_left_ndx,CLOSED
115,TSLA,2013-10-31,2013-12-31,61,175.39397872885615,10.673362699999998,10.018671300000001,10.0287,10.0287,-114.82892948556457,0.9999999999999999,0.9549358605738351,1.954935860573835,-116.78386534613841,-0.06133881311838085,rebalance_add,exit_rank_or_left_ndx,CLOSED
116,BIDU,2013-12-31,2014-01-31,31,96.05603910595505,178.05787999999998,156.3435,156.5,156.5,-2085.797334441566,1.0,1.433438400820529,2.433438400820529,-2088.2307728423866,-0.12195124416846914,entry_new,exit_rank_or_left_ndx,CLOSED
117,META,2013-12-31,2014-01-31,31,315.0348367943898,54.228474299999995,61.9632747,54.228474299999995,62.0253,2436.7315816511823,1.5751741839719489,2.1701423725594378,3.7453165565313866,2432.986265094651,0.1426335610552112,entry_new,exit_rank_or_left_ndx,CLOSED
118,ILMN,2014-01-31,2014-02-28,28,3.9244745128886738,148.0077599,166.6522809,148.0077599,166.8191,73.16994746951764,0.033665202128730344,1.0188332918527487,1.052498493981479,72.11744897553616,0.1259698884206948,entry_new,rebalance_trim,CLOSED
119,MU,2014-01-31,2014-03-31,59,768.1711017284234,22.489667199999996,23.0486283,22.489667199999996,23.0717,429.3777640103351,3.840855508642117,4.460578978937246,8.301434487579364,421.07632952275577,0.024854129455504026,entry_new,exit_rank_or_left_ndx,CLOSED
120,MU,2014-02-28,2014-03-31,31,28.31612112071615,23.612188599999996,23.0486283,23.0717,23.0717,-15.957841713626998,1.0,0.16442468917655445,1.1644246891765544,-17.122266402803554,-0.02386734705312299,rebalance_add,exit_rank_or_left_ndx,CLOSED
121,NXPI,2014-03-31,2014-04-30,30,16.34297572744527,51.867816,52.4771703,51.867816,52.5297,9.9586625343144,0.08171487863722636,1.026555134719486,1.1082700133567123,8.850392520957687,0.0117482158878639,entry_new,rebalance_trim,CLOSED
122,ILMN,2014-01-31,2014-06-30,150,9.789212073460885,148.0077599,173.503323,148.0077599,173.677,249.5814741182038,0.08690001106261666,1.048842220119656,1.1357422311822727,248.4457318870215,0.17225828643866925,entry_new,rebalance_trim,CLOSED
123,NXPI,2014-03-31,2014-07-31,122,317.62401326223755,51.867816,54.8801649,51.867816,54.9351,956.7943469640865,1.6698349449484142,2.125434631140792,3.795269576089206,952.9990773879972,0.0580774193384197,entry_new,exit_rank_or_left_ndx,CLOSED
124,NXPI,2014-06-30,2014-07-31,31,29.04971860082884,58.3679096,54.8801649,54.9351,54.9351,-101.31800208653222,0.9999999999999993,0.1943910893415977,1.194391089341597,-102.51239317587381,-0.05975449050517312,rebalance_add,exit_rank_or_left_ndx,CLOSED
125,ILMN,2014-01-31,2014-07-31,181,102.85993438530275,148.0077599,155.3989455,148.0077599,155.5545,760.2568658455946,1.0,1.3448731350279444,2.344873135027944,757.9119927105667,0.04993782491535437,entry_new,exit_rank_or_left_ndx,CLOSED
126,ILMN,2014-03-31,2014-07-31,122,7.102630262388921,144.75551089999996,155.3989455,144.75551089999996,155.5545,75.59638068571756,1.0,0.092865474637987,1.0928654746379869,74.50351521107957,0.07352697340381553,rebalance_add,exit_rank_or_left_ndx,CLOSED
127,ILMN,2014-04-30,2014-07-31,92,6.469356589648901,132.28194979999998,155.3989455,132.28194979999998,155.5545,149.55208846468042,1.0,0.08458554762191238,1.0845855476219124,148.4675029170585,0.17475548050925394,rebalance_add,exit_rank_or_left_ndx,CLOSED
128,TCOM,2014-07-31,2014-09-30,61,581.9123041901397,31.892060199999996,28.2144573,28.242699999999996,28.2427,-2140.042377435338,2.9095615209506986,3.462588811524163,6.372150332474861,-2146.414527767813,-0.11531405863833144,entry_new,exit_rank_or_left_ndx,CLOSED
129,MU,2014-07-31,2014-09-30,61,621.5189261541644,29.820190399999998,33.374791800000004,29.820190399999998,33.4082,2209.2520450340935,3.1075946307708224,3.7874239728447177,6.89501860361554,2202.3570264304776,0.11920116378599666,entry_new,exit_rank_or_left_ndx,CLOSED
130,GILD,2014-09-30,2014-10-31,31,254.1495609680461,73.13155849999998,76.7907324,73.13155849999998,76.8676,929.9774401907364,1.2707478048402305,1.855490631700243,3.126238436540474,926.8512017541959,0.05003549732910462,entry_new,exit_rank_or_left_ndx,CLOSED
131,INTC,2014-09-30,2014-10-31,31,698.6600328107509,26.569442899999995,25.8994746,25.925399999999996,25.9254,-468.0800744601585,3.493300164053754,4.112316721612457,7.605616885666211,-475.68569134582475,-0.025215745114474886,entry_new,exit_rank_or_left_ndx,CLOSED
132,VRTX,2014-10-31,2014-12-31,61,166.61731486300337,112.75263999999999,118.6812,112.75263999999999,118.8,987.8007482042104,1.0,1.5773852060176488,2.5773852060176488,985.2233629981928,0.05258023226773245,entry_new,exit_rank_or_left_ndx,CLOSED
133,BBBY,2014-12-31,2015-03-31,90,959.5820452366576,20.599579,20.5160634,20.5366,20.5366,-80.14007025716502,4.797910226183288,5.504495166649212,10.302405392832501,-90.44247564999752,-0.004054238195838722,entry_new,exit_rank_or_left_ndx,CLOSED
134,MNST,2014-10-31,2015-03-31,151,131.81366483185437,16.8301133,23.042734199999998,16.8301133,23.0658,818.9083290399731,0.6590683241592719,1.1063193217077107,1.7653876458669826,817.1429413941061,0.36913720004487427,entry_new,rebalance_trim,CLOSED
135,AAL,2015-03-31,2015-04-30,30,452.79293816914026,50.1606105,45.8956584,45.9416,45.9416,-1931.1401925096427,2.263964690845701,2.916846513030559,5.18081120387626,-1936.321003713519,-0.0850259208866685,entry_new,exit_rank_or_left_ndx,CLOSED
136,MNST,2014-10-31,2015-04-30,181,985.9409162313739,16.8301133,22.828748400000002,16.8301133,22.8516,5914.29978663168,5.588772905316141,5.719087533018017,11.307860438334158,5902.9919261933455,0.3564227401844051,entry_new,exit_rank_or_left_ndx,CLOSED
137,NXPI,2015-04-30,2015-06-30,61,255.40428175375627,84.77368899999999,86.43507840000001,84.77368899999999,86.5216,424.3259664203088,1.2770214087687815,1.933128236994774,3.2101496457635554,421.11581677454524,0.0195979368079644,entry_new,exit_rank_or_left_ndx,CLOSED
138,EA,2015-04-30,2015-06-30,61,383.2461136760404,56.43037399999999,64.4709645,56.43037399999999,64.5355,3081.525060785491,1.9162305683802021,2.6667386784404976,4.582969246820699,3076.94209153867,0.14248692556955245,entry_new,exit_rank_or_left_ndx,CLOSED
139,NFLX,2015-06-30,2015-07-31,31,234.48978314719542,9.3941848,11.419569,9.3941848,11.431,474.9319018477558,1.172448915735977,1.285816288523167,2.4582652042591437,472.47363664349666,0.21559978253780998,entry_new,rebalance_trim,CLOSED
140,NFLX,2015-06-30,2015-08-31,62,87.55423376542807,9.3941848,11.491497,9.3941848,11.503,183.6285626378843,0.48334769705078406,1.0425043949724067,1.5258520920231908,182.1027105458611,0.22325643412933505,entry_new,rebalance_trim,CLOSED
141,TCOM,2015-06-30,2015-09-30,92,646.9517935797464,36.170534399999994,31.4057628,31.4372,31.4372,-3082.577532617833,3.234758967898732,3.9069937707401325,7.141752738638864,-3089.719285356472,-0.13173074932506368,entry_new,exit_rank_or_left_ndx,CLOSED
142,TCOM,2015-07-31,2015-09-30,61,75.62362291717832,35.652516899999995,31.4057628,31.4372,31.4372,-321.1549306803805,1.0,0.4566971242530399,1.45669712425304,-322.61162780463354,-0.11911512760547893,rebalance_add,exit_rank_or_left_ndx,CLOSED
143,TCOM,2015-08-31,2015-09-30,30,30.388486132159386,33.0973643,31.4057628,31.4372,31.4372,-51.40520872389004,0.9999999999999983,0.18351850508616713,1.1835185050861654,-52.58872722897621,-0.05110985529442902,rebalance_add,exit_rank_or_left_ndx,CLOSED
144,NFLX,2015-06-30,2015-11-30,153,2164.764458493302,9.3941848,12.320667,9.3941848,12.333,6335.144654973288,12.434042377029625,11.924636500913968,24.358678877943593,6310.785976095344,0.31152061219830385,entry_new,exit_rank_or_left_ndx,CLOSED
145,NFLX,2015-09-30,2015-11-30,61,62.4258319982855,10.336326,12.320667,10.336326,12.333,123.87413789330989,0.9999999999999999,0.3438736033964601,1.34387360339646,122.53026428991343,0.19197740086758097,rebalance_add,exit_rank_or_left_ndx,CLOSED
146,AMZN,2015-09-30,2015-11-30,61,35.359478785672735,25.620094499999997,33.20676,25.620094499999997,33.24,268.26053780124545,0.17679739392836366,1.0385117030545754,1.215309096982939,267.0452287042625,0.29612168292353513,entry_new,rebalance_trim,CLOSED
147,GOOGL,2015-11-30,2016-02-29,91,755.4987616955303,37.845107299999995,35.5102542,35.5458,35.5458,-1763.9786257909677,3.7774938084776517,4.64872369842061,8.426217506898261,-1772.404843297866,-0.061694978996663985,entry_new,exit_rank_or_left_ndx,CLOSED
148,AMZN,2015-09-30,2016-02-29,152,861.2076897781129,25.620094499999997,27.598374,25.620094499999997,27.626,1703.7095179304029,4.482835842818928,5.109747432607723,9.592583275426652,1694.1169346549761,0.07721593298572738,entry_new,exit_rank_or_left_ndx,CLOSED
149,MSFT,2016-02-29,2016-03-31,31,565.2265658559135,44.716671999999996,48.4428087,44.716671999999996,48.4913,2106.111450850689,2.8261328292795675,3.6811567539849133,6.50728958326448,2099.6041612674244,0.08332768368808852,entry_new,exit_rank_or_left_ndx,CLOSED
150,AMAT,2016-03-31,2016-05-31,61,1412.4822851144856,18.9278089,21.875103,18.9278089,21.897,4163.000705272442,7.062411425572428,8.155853319038455,15.218264744610883,4147.782440527832,0.15571237619585232,entry_new,exit_rank_or_left_ndx,CLOSED
151,MAT,2016-02-29,2016-06-30,122,839.2200494594392,30.155825699999994,29.317353299999997,29.3467,29.3467,-703.6628489983722,4.196100247297196,5.019393932590657,9.215494179887854,-712.87834317826,-0.027804657326958804,entry_new,exit_rank_or_left_ndx,CLOSED
152,MAT,2016-03-31,2016-06-30,91,20.2965618773588,31.175844699999995,29.317353299999997,29.3467,29.3467,-37.720985698639154,1.0,0.12139419167271628,1.1213941916727164,-38.84237989031187,-0.059613185075944375,rebalance_add,exit_rank_or_left_ndx,CLOSED
153,MAT,2016-05-31,2016-06-30,30,87.15790725978773,29.929899999999996,29.317353299999997,29.346699999999995,29.3467,-53.38828847088896,1.0,0.521293397552726,1.5212933975527259,-54.909581868441684,-0.020466045660025523,rebalance_add,exit_rank_or_left_ndx,CLOSED
154,ULTA,2016-05-31,2016-06-30,30,3.615458604423089,233.24300999999997,243.39636,233.24300999999997,243.64,36.709016621219234,0.029821217385185207,1.025063873228848,1.0548850906140332,35.654131530605206,0.043531208073502414,entry_new,rebalance_trim,CLOSED
155,BBBY,2016-06-30,2016-08-31,62,2077.1016689786866,13.7771634,13.1522346,13.1654,13.1654,-1298.0406534728463,10.385508344893433,11.489762312533061,21.875270657426494,-1319.9159241302727,-0.04535975816328053,entry_new,exit_rank_or_left_ndx,CLOSED
156,ULTA,2016-05-31,2016-08-31,92,3.522781430790817,233.24300999999997,246.96279,233.24300999999997,247.21,48.331786218535385,0.02994993616407421,1.024770668591202,1.0547206047552762,47.27706561378011,0.05882182707211703,entry_new,rebalance_trim,CLOSED
157,ULTA,2016-05-31,2016-09-30,122,114.09955377192966,233.24300999999997,237.74202,233.24300999999997,237.98,513.3350334154524,1.0,1.7730505093026139,2.773050509302614,510.56198290614975,0.01928893817653976,entry_new,exit_rank_or_left_ndx,CLOSED
158,NTES,2016-08-31,2016-09-30,30,59.7468510245494,35.523387899999996,40.270988700000004,35.523387899999996,40.3113,283.65419772163204,0.298734255122747,1.0768065776667473,1.3755408327894942,282.2786568888426,0.1336471851548824,entry_new,rebalance_trim,CLOSED
159,NTES,2016-08-31,2016-10-31,61,35.55792223344694,35.523387899999996,42.9820749,35.523387899999996,43.0251,265.2154123096218,0.19227488612467397,1.048390836183746,1.2406657223084199,263.9747465873134,0.20996553090590786,entry_new,rebalance_trim,CLOSED
160,NTES,2016-08-31,2016-11-30,91,697.7639817919878,35.523387899999996,37.6064559,35.523387899999996,37.6441,1453.4898220234754,3.9653437752499205,4.334132695331761,8.299476470581682,1445.1903455528936,0.05863933940827759,entry_new,exit_rank_or_left_ndx,CLOSED
161,MU,2016-09-30,2016-11-30,61,207.99457683692228,17.3552379,19.0253556,17.3552379,19.0444,347.3754242793544,1.0399728841846114,1.184509331823533,2.2244822160081443,345.15094206334624,0.09623133428784647,entry_new,rebalance_trim,CLOSED
162,STX,2016-11-30,2017-01-31,62,1119.8939561745126,26.929202299999996,30.7555137,26.929202299999996,30.7863,4285.063011301644,5.599469780872563,6.742885184342025,12.34235496521459,4272.720656336429,0.1420878107481114,entry_new,exit_rank_or_left_ndx,CLOSED
163,MU,2016-09-30,2017-01-31,123,59.855912751158144,17.3552379,23.4870894,17.3552379,23.5106,367.0275683870582,0.3409756379047183,1.0490184661512527,1.3899941040559711,365.6375742830022,0.3533141715101469,entry_new,rebalance_trim,CLOSED
164,MU,2016-09-30,2017-02-28,151,1433.0550504486096,17.3552379,22.834342799999998,17.3552379,22.8572,7851.858948882723,8.50452770018345,8.312858184212889,16.817385884396337,7835.041562998326,0.3157032436876017,entry_new,exit_rank_or_left_ndx,CLOSED
165,MU,2016-10-31,2017-02-28,120,92.79318344396495,16.7501334,22.834342799999998,16.7501334,22.8572,564.5731589656958,1.0,0.5382742094868281,1.5382742094868282,563.034884756209,0.36323348923298715,rebalance_add,exit_rank_or_left_ndx,CLOSED
166,WDC,2017-01-31,2017-03-31,59,665.989888013536,53.8025488,55.9279161,53.8025488,55.9839,1415.4731301146317,3.3299494400676797,4.475982220409417,7.805931660477096,1407.6671984541547,0.03950309692391385,entry_new,exit_rank_or_left_ndx,CLOSED
167,INCY,2017-03-31,2017-05-31,61,263.93291927036404,133.80366999999998,129.20067,129.33,129.33,-1214.8832274014806,1.3196645963518203,2.311466079083778,3.6311306754355983,-1218.5143580769163,-0.03440114908656822,entry_new,exit_rank_or_left_ndx,CLOSED
168,CSX,2017-02-28,2017-05-31,92,223.3545708351724,14.292778499999997,15.971512500000001,14.292778499999997,15.9875,374.9529121164132,1.1167728541758621,1.253020939831226,2.369793794007088,372.5831183224061,0.11745329993045117,entry_new,rebalance_trim,CLOSED
169,CSX,2017-02-28,2017-06-30,122,2203.934701239032,14.292778499999997,16.0864974,14.292778499999997,16.1026,3953.239327978309,12.136446360371025,12.37113646418763,24.507582824558654,3928.7317451537506,0.1254982647355798,entry_new,exit_rank_or_left_ndx,CLOSED
170,CSX,2017-03-31,2017-06-30,91,152.3417079300842,13.701187499999998,16.0864974,13.701187499999998,16.1026,363.3821841085385,1.0,0.8551251799479173,1.8551251799479171,361.52705892859063,0.1740951213170392,rebalance_add,exit_rank_or_left_ndx,CLOSED
171,TSLA,2017-05-31,2017-06-30,30,39.90989171298953,22.756733999999998,24.083192699999998,22.756733999999998,24.1073,52.938823078752854,0.19954945856494763,1.0333452236590859,1.2328946822240334,51.705928396528826,0.05828862349052377,entry_new,rebalance_trim,CLOSED
172,TSLA,2017-05-31,2017-07-31,61,1613.236890074139,22.756733999999998,21.5431353,21.5647,21.5647,-1957.8221925860157,8.265733908935642,9.300147994631153,17.565881903566797,-1975.3880744895823,-0.053329212355340605,entry_new,exit_rank_or_left_ndx,CLOSED
173,MELI,2017-06-30,2017-07-31,31,17.064960832737384,250.87202139999997,287.83457730000003,250.87202139999997,288.1227,630.7645687113672,0.11019928368620419,1.1393832084027447,1.249582492088949,629.5149862192783,0.14733630196675285,entry_new,rebalance_trim,CLOSED
174,MELI,2017-06-30,2017-08-31,62,137.79049976472328,250.87202139999997,257.94529650000004,250.87202139999997,258.2035,974.6301110023833,1.0,2.010952257565058,3.010952257565058,971.6191587448183,0.028194754682197898,entry_new,exit_rank_or_left_ndx,CLOSED
175,VRTX,2017-07-31,2017-08-31,31,19.649591355975392,151.97181999999998,160.37946,151.97181999999998,160.54,165.20669026815324,0.09824795677987697,1.0908704978198895,1.1891184545997664,164.01757181355347,0.05532367777131331,entry_new,rebalance_trim,CLOSED
176,TSLA,2017-08-31,2017-10-31,61,1628.75084475067,23.7504267,22.079898,22.102,22.102,-2720.875031305236,8.14375422375335,9.4138886040243,17.55764282777765,-2738.4326741330133,-0.07033678683339184,entry_new,exit_rank_or_left_ndx,CLOSED
177,VRTX,2017-07-31,2017-10-31,92,241.2771830742017,151.97181999999998,146.08377,146.23,146.23,-1420.6521178000517,1.3046338721508854,2.2262956461745023,3.5309295183253875,-1424.183047318377,-0.03874435405195509,entry_new,exit_rank_or_left_ndx,CLOSED
178,NVDA,2017-10-31,2017-11-30,30,6972.610308597053,5.1083032,4.9511439,4.9561,4.9561,-1095.8105552718969,34.86305154298526,36.98022749071472,71.84327903369999,-1167.6538343055968,-0.030765460437039094,entry_new,exit_rank_or_left_ndx,CLOSED
179,BIDU,2017-10-31,2017-11-30,30,145.57371035833114,244.18393999999998,238.34142,238.58,238.58,-850.5173142427539,1.0,1.9887208425124423,2.9887208425124423,-853.5060350852663,-0.023926716884001387,entry_new,exit_rank_or_left_ndx,CLOSED
180,ALGN,2017-11-30,2018-02-28,90,132.37239311964285,261.14088,262.25748,261.14088,262.52,147.80701415739392,1.0,1.9870688939611878,2.9870688939611876,144.81994526343274,0.004275852941906244,entry_new,exit_rank_or_left_ndx,CLOSED
181,MU,2017-11-30,2018-02-28,90,836.3888843529356,41.3774361,47.5488036,41.3774361,47.5964,5161.6631782569675,4.181944421764678,5.426371260677184,9.608315682441862,5152.054862574526,0.14914813680299543,entry_new,exit_rank_or_left_ndx,CLOSED
182,NFLX,2018-02-28,2018-05-31,92,74.46366613680462,29.167137999999998,35.12484,29.167137999999998,35.16,443.63233267057325,0.3723183306840231,1.085072545755259,1.4573908764392822,442.17494179413393,0.2042607677174224,entry_new,rebalance_trim,CLOSED
183,STX,2018-02-28,2018-07-31,153,959.1116385126412,38.793855099999995,38.9692917,38.793855099999995,39.0083,168.26328488109135,4.795558192563206,5.9938207783072865,10.789378970870493,157.47390591022088,0.004522278065631102,entry_new,exit_rank_or_left_ndx,CLOSED
184,STX,2018-05-31,2018-07-31,61,64.01082330448025,41.368527199999996,38.9692917,39.0083,39.0083,-153.5770396563361,0.9999999999999996,0.40002580237054775,1.4000258023705472,-154.97706545870665,-0.05799663808190869,rebalance_add,exit_rank_or_left_ndx,CLOSED
185,NFLX,2018-02-28,2018-08-31,184,1202.8664929272372,29.167137999999998,36.731232,29.167137999999998,36.768,9098.595221951959,6.38665079532021,7.442289258887389,13.8289400542076,9084.76628189775,0.25933617484170024,entry_new,exit_rank_or_left_ndx,CLOSED
186,MU,2018-07-31,2018-08-31,31,772.8251083780707,51.528977499999996,51.1629858,51.2142,51.2142,-282.8475752179705,3.8641255418903535,5.0916276231552065,8.95575316504556,-291.80332838301604,-0.007102638510535053,entry_new,exit_rank_or_left_ndx,CLOSED
187,ILMN,2018-08-31,2018-10-31,61,20.914784648961405,345.51056539999996,302.3724249,302.6751,302.6751,-902.2249187141394,0.17274856686385245,1.179280559637511,1.3520291265013635,-903.5769478406409,-0.12485331801665356,entry_new,rebalance_trim,CLOSED
188,ALGN,2018-08-31,2018-11-30,91,108.23885563071663,386.87649,229.66010999999997,229.89,229.89,-17016.921057603886,1.0,1.4993738998368396,2.4993738998368396,-17019.420431503724,-0.40637356899097177,entry_new,exit_rank_or_left_ndx,CLOSED
189,ALGN,2018-10-31,2018-11-30,30,28.711723134991566,221.42119999999997,229.66010999999997,221.42119999999997,229.89,236.55330285411347,1.0,0.39772785879058253,1.3977278587905826,235.1555749953229,0.03720921935207655,rebalance_add,exit_rank_or_left_ndx,CLOSED
190,ILMN,2018-08-31,2018-11-30,91,100.15588487181604,345.51056539999996,327.97909259999994,328.3073999999999,328.3074,-1755.8801713901762,1.0,1.9298290843275918,2.929829084327592,-1758.8100004745038,-0.05074077193472715,entry_new,exit_rank_or_left_ndx,CLOSED
191,CMCSA,2018-11-30,2018-12-31,31,1093.5411481124827,29.401572199999997,25.754319900000002,25.780100000000004,25.7801,-3988.420467597887,5.467705740562414,6.432176328903086,11.8998820694655,-4000.3203496673527,-0.12404956698199954,entry_new,exit_rank_or_left_ndx,CLOSED
192,ORLY,2018-11-30,2018-12-31,31,79.70654750878258,23.1419188,22.9324446,22.955399999999997,22.9554,-16.69646527416414,0.3985327375439129,1.0640459612695252,1.4625786988134382,-18.159043972977578,-0.009051721329175089,entry_new,rebalance_trim,CLOSED
193,ORLY,2018-11-30,2019-01-31,62,1307.7015203799624,23.1419188,22.9544226,22.9774,22.9774,-245.18906580546317,6.937040339443724,7.59007348095319,14.527113820396913,-259.7161796258601,-0.008102016156067315,entry_new,exit_rank_or_left_ndx,CLOSED
194,WDAY,2018-12-31,2019-01-31,31,11.055776196141633,159.83968,181.34847,159.83968,181.53,237.79636848980923,0.05893471590886447,1.0575728159683087,1.116507531877173,236.67986095793205,0.1345647714009437,entry_new,rebalance_trim,CLOSED
195,WDAY,2018-12-31,2019-02-28,59,4.461333334733688,159.83968,197.73207,159.83968,197.93,169.05058263972947,0.025271258870595413,1.0252643145051514,1.0505355733757469,168.00004706635372,0.23706497660655979,entry_new,rebalance_trim,CLOSED
196,SBUX,2019-01-31,2019-04-30,89,552.8796495346955,57.895137299999995,66.212721,57.895137299999995,66.279,4598.6227610315,2.7643982476734776,3.8738693837741134,6.638267631447591,4591.984493400052,0.1436663610779625,entry_new,exit_rank_or_left_ndx,CLOSED
197,SBUX,2019-02-28,2019-04-30,61,15.185527269348636,60.00794799999999,66.212721,60.00794799999999,66.279,94.2227495916183,1.0,0.10640064110644204,1.106400641106442,93.11634895051185,0.10339918638777679,rebalance_add,exit_rank_or_left_ndx,CLOSED
198,MELI,2019-04-30,2019-05-31,31,5.83338277702622,484.62413999999995,569.94948,484.62413999999995,570.52,497.7353687999066,0.07753998026117599,1.0933959322963025,1.1709359125574785,496.56443288734914,0.1760649809974386,entry_new,rebalance_trim,CLOSED
199,WDAY,2018-12-31,2019-07-31,212,172.07650190246179,159.83968,199.78001999999998,159.83968,199.98,6872.7939919949695,1.0,1.871673250492126,2.871673250492126,6869.922318744478,0.24987750225726169,entry_new,exit_rank_or_left_ndx,CLOSED
200,WDAY,2019-04-30,2019-07-31,92,5.407183075663286,205.83562999999998,199.78001999999998,199.98,199.98,-32.74379190481736,1.0,0.05881384042179862,1.0588138404217986,-33.802605745239156,-0.02941963935009695,rebalance_add,exit_rank_or_left_ndx,CLOSED
201,WDAY,2019-05-31,2019-07-31,61,16.423788005690987,204.32412,199.78001999999998,199.98,199.98,-74.63133507666065,1.0,0.17864126909919165,1.1786412690991916,-75.80997634575984,-0.02223966509680797,rebalance_add,exit_rank_or_left_ndx,CLOSED
202,MELI,2019-04-30,2019-07-31,92,3.5280150648144044,484.62413999999995,620.79858,484.62413999999995,621.42,480.4254757626654,0.050837957001178775,1.0614728419410189,1.1123107989421976,479.31316496372324,0.28098979964142945,entry_new,rebalance_trim,CLOSED
203,MELI,2019-04-30,2019-09-30,153,65.8692477861023,484.62413999999995,550.67877,484.62413999999995,551.23,4350.968790889309,1.0,2.019318033709087,3.019318033709087,4347.9494728556,0.13630074226182787,entry_new,exit_rank_or_left_ndx,CLOSED
204,CDNS,2019-07-31,2019-09-30,61,552.6272471956287,73.98391,66.01392,66.08,66.08,-4404.433633876686,2.7631362359781435,3.869046685648768,6.632182921626912,-4411.065816798313,-0.10772599069175981,entry_new,exit_rank_or_left_ndx,CLOSED
205,QCOM,2019-09-30,2019-10-31,31,554.2157431924032,65.6684028,69.1113195,65.6684028,69.1805,1908.1186376400353,2.771078715962016,3.9278902894636185,6.698969005425635,1901.4196686346097,0.05242881740988525,entry_new,exit_rank_or_left_ndx,CLOSED
206,HAS,2019-09-30,2019-10-31,31,394.872867992592,92.0633714,75.8483757,75.9243,75.9243,-6402.861856546542,1.97436433996296,2.872536180987364,4.846900520950324,-6407.708757067493,-0.17612863241286847,entry_new,exit_rank_or_left_ndx,CLOSED
207,COST,2019-10-31,2019-12-31,61,125.91634021580936,271.142872,267.6957363,267.9637,267.9637,-434.0507115712609,1.0,1.957964146370197,2.957964146370197,-437.0086757176311,-0.012713355415074235,entry_new,exit_rank_or_left_ndx,CLOSED
208,KLAC,2019-10-31,2019-12-31,61,70.59779503313509,15.630014399999999,16.5207627,15.630014399999999,16.5373,62.88486590951354,0.35298897516567546,1.0441431918205217,1.3971321669861971,61.48773374252735,0.05698960200574099,entry_new,rebalance_trim,CLOSED
209,KLAC,2019-10-31,2020-01-31,92,2110.8001771181193,15.630014399999999,15.3682164,15.3836,15.3836,-552.603264769167,10.906989860756273,11.806204417387452,22.713194278143725,-575.3164590473108,-0.016749696660548152,entry_new,exit_rank_or_left_ndx,CLOSED
210,TSLA,2019-12-31,2020-01-31,31,250.18668502554814,27.9165887,43.3279287,27.9165887,43.3713,3855.712066401632,1.2509334251277409,1.593818384485223,2.844751809612964,3852.8673145920193,0.5520495417837354,entry_new,rebalance_trim,CLOSED
211,AMD,2020-01-31,2020-03-31,60,75.66449086201942,47.047,45.43452,45.480000000000004,45.48,-122.00747822518892,0.3783224543100971,1.1081305845725098,1.486453038882607,-123.49393126407152,-0.034273811295087886,entry_new,rebalance_trim,CLOSED
212,TSLA,2019-12-31,2020-04-30,121,125.00471649892907,27.9165887,52.0731747,27.9165887,52.1253,3019.6871845119995,0.7816057443261851,1.2017118927867436,1.9833176371129286,3017.703866874887,0.8653129599606131,entry_new,rebalance_trim,CLOSED
213,AMD,2020-01-31,2020-06-30,151,843.6908394160129,47.047,52.55739,47.047,52.61,4649.065564609604,4.596776651390162,5.591219716351013,10.187996367741174,4638.877568241863,0.11712521521032171,entry_new,exit_rank_or_left_ndx,CLOSED
214,AMD,2020-04-30,2020-06-30,61,124.02483996024102,52.442389999999996,52.55739,52.442389999999996,52.61,14.262856595427964,0.9999999999999997,0.8219244515952927,1.8219244515952924,12.440932143832672,0.0021928825135544283,rebalance_add,exit_rank_or_left_ndx,CLOSED
215,TSLA,2019-12-31,2020-06-30,182,133.2616709120485,27.9165887,71.9153127,27.9165887,71.9873,5863.34347823805,0.9524540896666004,1.2885442589922922,2.2409983486588927,5861.102479889391,1.5760780972497548,entry_new,rebalance_trim,CLOSED
216,TSLA,2019-12-31,2020-07-31,213,102.91328583980426,27.9165887,95.288616,27.9165887,95.384,6933.476703131997,0.8679356964073169,1.2897033206535158,2.157639017060833,6931.319064114936,2.413333091087881,entry_new,rebalance_trim,CLOSED
217,ZM,2020-06-30,2020-08-31,62,237.91520747683165,253.79353999999995,324.7749,253.79353999999995,325.1,16887.54499138769,1.1895760373841584,3.3771450403514423,4.5667210777356,16882.978270309955,0.279681508047841,entry_new,exit_rank_or_left_ndx,CLOSED
218,ZM,2020-07-31,2020-08-31,31,38.77321544282074,254.16390999999996,324.7749,254.16390999999996,325.1,2737.8151279008625,0.9999999999999997,0.5503757982513636,1.5503757982513633,2736.264752102611,0.27781674432062387,rebalance_add,exit_rank_or_left_ndx,CLOSED
219,TSLA,2019-12-31,2020-08-31,244,97.92482542544315,27.9165887,165.9405933,27.9165887,166.1067,13515.97655497556,0.9591900069526047,1.4679972819317593,2.427187288884364,13513.549367686675,4.944157256577699,entry_new,rebalance_trim,CLOSED
220,PDD,2020-08-31,2020-11-30,91,159.50300016655996,89.02893999999999,138.67119,89.02893999999999,138.81,7918.087810018412,0.7975150008327998,1.6413709874259934,2.438885988258793,7915.6489240301535,0.5575967769581442,entry_new,rebalance_trim,CLOSED
221,PDD,2020-08-31,2020-12-31,122,1031.1611211677134,89.02893999999999,177.49232999999998,89.02893999999999,177.67,91220.00841469668,5.953320606671367,10.415023033993267,16.368343640664634,91203.64007105603,0.9936475712279624,entry_new,exit_rank_or_left_ndx,CLOSED
222,TSLA,2019-12-31,2021-03-31,456,539.5570112814829,27.9165887,222.42065670000002,27.9165887,222.6433,104946.03361217033,6.244240974916281,6.123591289061745,12.367832263978027,104933.66577990635,6.967329357114468,entry_new,exit_rank_or_left_ndx,CLOSED
223,TSLA,2020-03-31,2021-03-31,365,99.38989200539574,34.9682333,222.42065670000002,34.9682333,222.6433,18630.87611787572,1.0,1.1280051304671397,2.1280051304671397,18628.748112745252,5.360648957921475,rebalance_add,exit_rank_or_left_ndx,CLOSED
224,TSLA,2020-11-30,2021-03-31,121,117.21744009598955,189.38919999999996,222.42065670000002,189.38919999999996,222.6433,3871.86279701553,0.9999999999999997,1.3303352196149147,2.3303352196149145,3869.532461795915,0.17441045582324688,rebalance_add,exit_rank_or_left_ndx,CLOSED
225,MRNA,2020-12-31,2021-03-31,90,210.8098646323179,104.57446999999999,130.81904999999998,104.57446999999999,130.95,5532.616357132035,1.0540493231615895,1.8557106656573845,2.909759988818974,5529.706597143216,0.25096546030785505,entry_new,rebalance_trim,CLOSED
226,BIDU,2021-03-31,2021-04-30,30,909.80653082546,217.76755,210.11967,210.33,210.33,-6958.091170969406,4.5490326541273,10.014537833225083,14.563570487352383,-6972.654741456759,-0.035119465687151186,entry_new,exit_rank_or_left_ndx,CLOSED
227,MRNA,2020-12-31,2021-04-30,120,222.3296854815239,104.57446999999999,178.64118,104.57446999999999,178.82,16467.22833895124,1.2663563994598674,2.2526943539014153,3.5190507533612827,16463.70928819788,0.7082676106319259,entry_new,rebalance_trim,CLOSED
228,MRNA,2020-12-31,2021-06-30,181,118.29652563178246,104.57446999999999,234.74501999999998,104.57446999999999,234.98,15398.72380457822,0.7897085801790277,1.7916298869099752,2.5813384670890027,15396.14246611113,1.244764137939212,entry_new,rebalance_trim,CLOSED
229,AMAT,2021-04-30,2021-08-31,123,1815.5570635938368,127.14081379999999,129.663207,127.14081379999999,129.793,4579.548791421081,9.077785317969184,15.923592238252578,25.00137755622176,4554.54741386486,0.019839366483589416,entry_new,exit_rank_or_left_ndx,CLOSED
230,AMAT,2021-06-30,2021-08-31,62,204.66275484658166,136.66272619999998,129.663207,129.793,129.793,-1432.5408820735374,1.0233137742329084,1.7950227618202201,2.8183365360531285,-1435.3592186095907,-0.05121747088343964,rebalance_add,exit_rank_or_left_ndx,CLOSED
231,MRNA,2020-12-31,2021-08-31,243,239.35921921340633,104.57446999999999,376.31331,104.57446999999999,376.69,65043.19657235675,1.7588724891019625,3.7405885961581657,5.499461085260128,65037.69711127149,2.5985198873109283,entry_new,rebalance_trim,CLOSED
232,MRNA,2020-12-31,2021-09-30,273,44.627266629498614,104.57446999999999,384.47514,104.57446999999999,384.86,12491.201829865304,0.4119026300970858,1.4844025997288848,1.8963052298259706,12489.305524635478,2.6765679041930603,entry_new,rebalance_trim,CLOSED
233,MRNA,2020-12-31,2021-11-30,334,890.1538104955567,104.57446999999999,352.07757,104.57446999999999,352.43,220315.82757446283,8.62788186042043,13.311143281629395,21.939025142049825,220293.88854932078,2.366764086875124,entry_new,exit_rank_or_left_ndx,CLOSED
234,NVDA,2021-08-31,2021-11-30,91,3482.926232716775,22.3341118,32.536530899999995,22.3341118,32.5691,35534.273120560654,17.414631163583877,21.143157886626092,38.55778905020997,35495.715331510444,0.4568088129656447,entry_new,rebalance_trim,CLOSED
235,NVDA,2021-08-31,2021-12-31,122,12259.724245601637,22.3341118,29.2890816,22.3341118,29.3184,85266.01188448718,78.71325239159206,73.31605002705538,152.02930241864743,85113.98258206852,0.31140570362865305,entry_new,exit_rank_or_left_ndx,CLOSED
236,NVDA,2021-09-30,2021-12-31,92,846.046452950877,20.668848199999996,29.2890816,20.668848199999996,29.3184,7293.117891678681,4.230232264754385,5.059557851964984,9.289790116719368,7283.828101561961,0.41706404326874913,rebalance_add,exit_rank_or_left_ndx,CLOSED
237,TEAM,2021-11-30,2021-12-31,31,1131.6176821682886,376.69631999999996,380.90871000000004,376.69631999999996,381.29,4766.815008188973,5.658088410841443,17.828933222557357,23.4870216333988,4743.327986555573,0.011182455936920466,entry_new,exit_rank_or_left_ndx,CLOSED
238,DDOG,2021-12-31,2022-01-31,31,2286.2700079299852,178.28811,145.96389000000002,146.11,146.11,-73901.89471573051,11.431350039649926,21.08808847871491,32.51943851836484,-73934.41415424888,-0.18130328489095526,entry_new,exit_rank_or_left_ndx,CLOSED
239,TSLA,2022-01-31,2022-02-28,28,1036.051288553977,312.55224,289.8531567,290.1433,290.1433,-23517.414501959043,5.180256442769885,13.70065703110499,18.880913473874877,-23536.29541543292,-0.07262492599637094,entry_new,exit_rank_or_left_ndx,CLOSED
240,LCID,2021-12-31,2022-02-28,59,32.790702546256085,380.8805,289.5102,289.8,289.8,-2996.096328862182,0.16395351273128045,1.2693554079168161,1.4333089206480967,-2997.5296377828304,-0.23989230217876734,entry_new,rebalance_trim,CLOSED
241,LCID,2021-12-31,2022-03-31,90,1036.2857766884517,380.8805,253.746,254.0,254.0,-131747.67407639793,5.34538239617354,12.663556027598684,18.008938423772225,-131765.6830148217,-0.33379104469774634,entry_new,exit_rank_or_left_ndx,CLOSED
242,LCID,2022-01-31,2022-03-31,59,33.81748668847854,294.1938999999999,253.746,254.0,254.0,-1367.8463198269083,0.9999999999999998,0.41325438120036007,1.41325438120036,-1369.2595742081087,-0.13748721506462214,rebalance_add,exit_rank_or_left_ndx,CLOSED
243,DLTR,2022-02-28,2022-03-31,31,240.4084413623742,142.22208,159.98985000000002,142.22208,160.15,4271.521892185155,1.202042206811871,2.311218919207967,3.513261126019838,4268.008631059135,0.1249297577422579,entry_new,rebalance_trim,CLOSED
244,DLTR,2022-02-28,2022-05-31,92,1937.7636715915269,142.22208,160.16967000000002,142.22208,160.33,34778.18789461941,10.890860564769506,18.63880003274896,29.529660597518465,34748.658234021896,0.12619411838161843,entry_new,exit_rank_or_left_ndx,CLOSED
245,KHC,2022-05-31,2022-06-30,30,10055.981884067005,30.857426599999997,31.0481208,30.857426599999997,31.0792,1917.6174205966797,50.279909420335024,60.628900073405795,110.90880949374082,1806.708611102939,0.006179847803640337,entry_new,exit_rank_or_left_ndx,CLOSED
246,VRTX,2022-03-31,2022-06-30,91,38.861873653430905,261.23097,281.50821,261.23097,281.79,788.0115389202955,0.1943093682671545,1.3105813054324427,1.504890673699597,786.5066482465959,0.07762188380650281,entry_new,rebalance_trim,CLOSED
247,CEG,2022-06-30,2022-08-31,62,864.1198201302947,55.5800245,79.1796411,55.5800245,79.2589,20392.896451535915,4.3205991006514735,6.3661383736568125,10.686737474308286,20382.209714061606,0.4246060848713731,entry_new,rebalance_trim,CLOSED
248,VRTX,2022-03-31,2022-10-31,214,1147.7348774302302,261.23097,311.688,261.23097,312.0,57911.29314254342,5.932983755418305,15.874236616450537,21.80722037186884,57889.48592217155,0.19315102646520033,entry_new,exit_rank_or_left_ndx,CLOSED
249,VRTX,2022-08-31,2022-10-31,61,243.46662759659125,282.04175999999995,311.688,282.04175999999995,312.0,7217.870073719176,1.2173331379829562,3.3673690071446623,4.584702145127618,7213.285371574048,0.10511294497665902,rebalance_add,exit_rank_or_left_ndx,CLOSED
250,CEG,2022-06-30,2022-10-31,123,113.12140901022526,55.5800245,91.7470611,55.5800245,91.8389,4091.2661399163862,0.6643784113788417,1.30730203360788,1.9716804449867218,4089.2944594713995,0.6507200550082521,entry_new,rebalance_trim,CLOSED
251,CEG,2022-06-30,2022-11-30,153,4835.197888430358,55.5800245,93.4187877,55.5800245,93.5123,182957.90792545633,29.06219558785439,37.53584572737527,66.59804131522966,182891.3098841411,0.680797886298161,entry_new,exit_rank_or_left_ndx,CLOSED
252,BIIB,2022-10-31,2022-11-30,30,40.99702443757769,283.72344,304.86483000000004,283.72344,305.17,866.734082474363,0.20498512218788845,1.3542652206782075,1.559250342866096,865.1748321314969,0.07451407610171401,entry_new,rebalance_trim,CLOSED
253,BIIB,2022-10-31,2023-01-31,92,1522.4821931066747,283.72344,290.60909999999996,283.72344,290.9,10483.294737786864,7.817396087721262,20.165174610941325,27.982570698662585,10455.312167088201,0.024268914827763277,entry_new,exit_rank_or_left_ndx,CLOSED
254,ENPH,2022-11-30,2023-01-31,62,1446.2913152617766,320.91058999999996,221.15861999999998,221.38,221.38,-144270.40789125324,7.231456576308883,16.363643135597908,23.59509971190679,-144294.00299096515,-0.3108403808051332,entry_new,exit_rank_or_left_ndx,CLOSED
255,NFLX,2023-01-31,2023-03-31,59,10766.589388715289,35.421386,34.513452,34.548,34.548,-9775.3525700538,53.832946943576445,65.95046299888072,119.78340994245717,-9895.135979996256,-0.025632367971145986,entry_new,exit_rank_or_left_ndx,CLOSED
256,PDD,2023-01-31,2023-03-31,59,3883.776690180436,98.07798,75.8241,75.9,75.9,-86429.10041007258,19.418883450902182,28.250242026794844,47.66912547769702,-86476.76953555028,-0.22689986070267754,entry_new,exit_rank_or_left_ndx,CLOSED
257,NVDA,2023-03-31,2023-05-31,61,689.5814851976432,27.747820099999995,37.7187435,27.747820099999995,37.7565,6875.76416696394,3.4479074259882165,4.285460043649052,7.733367469637269,6868.030799494302,0.35934078295397365,entry_new,rebalance_trim,CLOSED
258,NVDA,2023-03-31,2023-06-30,91,782.97617080633,27.747820099999995,42.1775802,27.747820099999995,42.2198,11298.15830875197,4.153408163699495,4.962923217026168,9.116331380725661,11289.041977371244,0.5200322060614775,entry_new,rebalance_trim,CLOSED
259,AMD,2023-03-31,2023-07-31,122,3391.8888420974477,98.10801,114.2856,98.10801,114.4,54872.58701302728,16.959444210487238,28.29900238865247,45.25844659913971,54827.32856642814,0.16489571035025596,entry_new,exit_rank_or_left_ndx,CLOSED
260,AMD,2023-05-31,2023-07-31,61,222.36047189976955,118.32820999999998,114.2856,114.39999999999999,114.4,-898.9166673067234,1.1118023594988478,1.8551844763704923,2.9669868358693403,-901.8836541425927,-0.03416438058177318,rebalance_add,exit_rank_or_left_ndx,CLOSED
261,AMD,2023-06-30,2023-07-31,31,289.50878511860526,114.02390999999999,114.2856,114.02390999999999,114.4,75.76155397769237,1.4475439255930265,2.4154122328316294,3.862956158424656,71.89859781926772,0.002295044960307191,rebalance_add,exit_rank_or_left_ndx,CLOSED
262,NVDA,2023-03-31,2023-07-31,122,484.42408874309103,27.747820099999995,46.5914619,27.747820099999995,46.6381,9128.314007566221,2.7606810709699743,3.1299815784272313,5.890662649397205,9122.423344916824,0.6791035018999567,entry_new,rebalance_trim,CLOSED
263,NVDA,2023-03-31,2023-08-31,153,610.9030654355415,27.747820099999995,49.209741,27.747820099999995,49.259,13111.15326794512,3.649274603530595,3.991659445248063,7.640934048778658,13103.51233389634,0.7734633143307719,entry_new,rebalance_trim,CLOSED
264,NVDA,2023-03-31,2023-10-31,214,9439.601352069649,27.747820099999995,40.6633959,27.747820099999995,40.7041,121917.88678443806,60.037430811261274,59.43590624909507,119.47333706035634,121798.4134473777,0.4654627193579075,entry_new,exit_rank_or_left_ndx,CLOSED
265,META,2023-07-31,2023-10-31,92,1481.0875078346799,316.14242659999996,298.3487526,298.6474,298.6474,-26353.98827988267,7.405437539173399,19.93557903609292,27.34101657526632,-26381.329296457938,-0.056283726899184705,entry_new,exit_rank_or_left_ndx,CLOSED
266,META,2023-08-31,2023-10-31,61,103.86504194796316,293.60761429999997,298.3487526,293.60761429999997,298.6474,492.4385284105995,1.0,1.3980333652721952,2.3980333652721955,490.0404950453273,0.01614787242934268,rebalance_add,exit_rank_or_left_ndx,CLOSED
267,PDD,2023-10-31,2023-11-30,30,303.78616763360503,101.52141999999999,147.29256,101.52141999999999,147.44,13904.63920882121,1.5189308381680253,2.813282638584134,4.332213476752159,13900.306995344457,0.4508520467897319,entry_new,rebalance_trim,CLOSED
268,ZS,2023-10-31,2024-01-31,92,406.906444097145,158.84868999999998,235.43433,158.84868999999998,235.67,31163.19044130408,2.0345322204857252,4.765311630081539,6.799843850567264,31156.390597453512,0.48212950323984427,entry_new,rebalance_trim,CLOSED
269,PDD,2023-10-31,2024-02-29,121,3915.346206843834,101.52141999999999,124.41546000000001,101.52141999999999,124.54,89638.09267333108,21.095661872387197,33.76888136742296,54.86454323981016,89583.22813009127,0.22550945406397993,entry_new,exit_rank_or_left_ndx,CLOSED
270,PDD,2024-01-31,2024-02-29,29,753.8811368026543,126.99686999999999,124.41546000000001,124.53999999999999,124.54,-1946.0763053537223,3.7694056840132717,6.502036174815891,10.271441858829164,-1956.3477472125514,-0.02032656395389887,rebalance_add,exit_rank_or_left_ndx,CLOSED
271,ZS,2023-10-31,2024-02-29,121,56.91794258081047,158.84868999999998,241.72803,158.84868999999998,241.97,4717.321515255469,0.3352318743261934,1.39193918573002,1.7271710600562136,4715.594344195413,0.5217502265835496,entry_new,rebalance_trim,CLOSED
272,ZS,2023-10-31,2024-04-30,182,2229.7417270000865,158.84868999999998,172.76706,158.84868999999998,172.94,31034.370360826215,13.467830568390212,22.22812641366339,35.6959569820536,30998.67440384416,0.08762030080323613,entry_new,exit_rank_or_left_ndx,CLOSED
273,ZS,2023-11-30,2024-04-30,152,228.2161513906207,197.72752999999997,172.76706,172.94,172.94,-5696.382400301043,1.1410807569531034,2.2750695299475203,3.4161502869006237,-5699.798550587943,-0.1262366955173111,rebalance_add,exit_rank_or_left_ndx,CLOSED
274,CRWD,2024-02-29,2024-04-30,61,754.8400196992133,81.11853749999999,73.06186500000001,73.135,73.135,-6081.498828610092,3.7742000984960664,5.432674087087078,9.206874185583144,-6090.705702795675,-0.09931974550206824,entry_new,rebalance_trim,CLOSED
275,CRWD,2024-02-29,2024-05-31,92,6569.078801969298,81.11853749999999,78.3390825,78.41749999999999,78.4175,-18258.458921527472,36.61959410834256,48.242174943791376,84.86176905213394,-18343.320690579607,-0.03426411626319059,entry_new,exit_rank_or_left_ndx,CLOSED
276,NVDA,2024-04-30,2024-05-31,31,425.90780422922137,86.3389527,109.3341564,86.3389527,109.4436,9793.836715670668,2.129539021146107,3.4947820359804336,5.62432105712654,9788.212394613542,0.26633637519209796,entry_new,rebalance_trim,CLOSED
277,NVDA,2024-04-30,2024-07-31,92,467.93085310222193,86.3389527,116.71057259999999,86.3389527,116.8274,14211.81800990342,2.53382496861915,3.935557670042996,6.469382638662146,14205.348627264757,0.3517719285469165,entry_new,rebalance_trim,CLOSED
278,CEG,2024-05-31,2024-09-30,122,2610.7649029019835,214.89327859999997,257.1634791,214.89327859999997,257.4209,110357.55590402998,13.053824514509918,32.1519476064717,45.20577212098162,110312.350131909,0.19670322299228982,entry_new,exit_rank_or_left_ndx,CLOSED
279,CEG,2024-07-31,2024-09-30,61,293.56127584485534,187.7410535,257.1634791,187.7410535,257.4209,20379.735831380556,1.4678063792242768,3.6152495959178017,5.083055975142079,20374.652775405415,0.36977754362074045,rebalance_add,exit_rank_or_left_ndx,CLOSED
280,MELI,2024-09-30,2024-10-31,31,319.15570536467084,2054.01196,2035.14282,2037.1800000000003,2037.18,-6022.193686324657,1.5957785268233542,19.705621268045373,21.30139979486873,-6043.495086119527,-0.009186480102092442,entry_new,exit_rank_or_left_ndx,CLOSED
281,NVDA,2024-04-30,2024-10-31,184,253.17097336212365,86.3389527,132.4203471,86.3389527,132.5529,11666.471474131913,1.5084496421945326,2.2398759194662827,3.748325561660815,11662.723148570252,0.5337265852658415,entry_new,rebalance_trim,CLOSED
282,NVDA,2024-04-30,2024-12-31,245,4410.86192980278,86.3389527,133.9556103,86.3389527,134.0897,210030.50223229418,27.78935780248173,39.21241243817149,67.00177024065323,209963.50046205352,0.5515083992905556,entry_new,exit_rank_or_left_ndx,CLOSED
283,NVDA,2024-09-30,2024-12-31,92,747.2484485473947,121.37175049999999,133.9556103,121.37175049999999,134.0897,9403.269712287927,3.7362422427369735,6.643013275986705,10.379255518723678,9392.890456769203,0.10368030244401893,rebalance_add,exit_rank_or_left_ndx,CLOSED
284,ARM,2024-10-31,2024-12-31,61,4828.70904506216,141.44129999999998,123.23664,123.36000000000001,123.36,-87905.00640428124,24.1435452253108,41.488164742170845,65.63170996748164,-87970.63811424872,-0.12870823444071844,entry_new,exit_rank_or_left_ndx,CLOSED
285,APP,2024-12-31,2025-02-28,59,122.18444805697857,324.15382999999997,325.41426,324.15382999999997,325.74,154.00494386446263,0.6109222402848928,2.125626234971028,2.736548475255921,151.26839538920672,0.003888369913753742,entry_new,rebalance_trim,CLOSED
286,MSTR,2024-12-31,2025-03-31,90,331.2791846369881,289.90961999999996,287.98172999999997,288.27,288.27,-638.6698272697998,1.6563959231849403,4.36357367302671,6.01996959621165,-644.6897968660115,-0.0066499690489746355,entry_new,rebalance_trim,CLOSED
287,MSTR,2024-12-31,2025-04-30,120,234.41945132832737,289.90961999999996,379.72989,289.90961999999996,380.11,21055.618411562235,1.3780387673366308,3.685657700138237,5.063696467474868,21050.55471509476,0.309821626477935,entry_new,rebalance_trim,CLOSED
288,APP,2024-12-31,2025-06-30,181,1862.4103675194365,324.15382999999997,349.72992,324.15382999999997,350.08,47633.175176610224,9.922974077882074,27.728481440350272,37.651455518232346,47595.52372109199,0.07890108841225185,entry_new,exit_rank_or_left_ndx,CLOSED
289,APP,2025-03-31,2025-06-30,91,359.4592220306682,265.23497,349.72992,265.23497,350.08,30372.48899252021,1.797296110153341,5.351805671010962,7.149101781164303,30365.339890739044,0.3185664017078895,rebalance_add,exit_rank_or_left_ndx,CLOSED
290,APP,2025-04-30,2025-06-30,61,330.20733747177314,269.57930999999996,349.72992,269.57930999999996,350.08,26466.319524838484,1.6510366873588658,4.916289228323352,6.567325915682218,26459.7521989228,0.29731736460042146,rebalance_add,exit_rank_or_left_ndx,CLOSED
291,MSTR,2024-12-31,2025-06-30,181,1651.0257033911796,289.90961999999996,403.82577000000003,289.90961999999996,404.23,188078.49168136524,11.083621696782474,27.06420176545506,38.14782346223753,188040.343857903,0.39293677112197956,entry_new,exit_rank_or_left_ndx,CLOSED
292,MSTR,2025-02-28,2025-06-30,122,157.85149899421722,255.68542999999997,403.82577000000003,255.68542999999997,404.23,23384.17473051301,1.0,2.58755803073456,3.58755803073456,23380.587172482275,0.579385145254464,rebalance_add,exit_rank_or_left_ndx,CLOSED
293,PLTR,2025-06-30,2025-07-31,31,644.9820332065891,136.45631999999998,158.19164999999998,136.45631999999998,158.35,14018.897335816175,3.2249101660329456,6.168432646627122,9.393342812660068,14009.503993003515,0.15928415774366478,entry_new,rebalance_trim,CLOSED
294,ZS,2025-06-30,2025-09-30,92,2579.63692405237,314.25393999999994,299.36034,299.66,299.66,-38420.08049206621,12.89818462026185,34.79470377882677,47.69288839908862,-38467.773380465296,-0.04739351875747344,entry_new,exit_rank_or_left_ndx,CLOSED
295,ZS,2025-07-31,2025-09-30,61,359.39492957846727,285.84556,299.36034,285.84556,299.66,4857.143406368489,1.7969746478923363,4.847596961300593,6.64457160919293,4850.498834759296,0.047280006728108726,rebalance_add,exit_rank_or_left_ndx,CLOSED
296,PLTR,2025-06-30,2025-09-30,92,239.32125828436338,136.45631999999998,182.23757999999998,136.45631999999998,182.42,10956.428749043595,1.3421696402335044,2.4487841095708873,3.790953749804392,10952.637795293791,0.335501206539939,entry_new,rebalance_trim,CLOSED
297,PLTR,2025-06-30,2025-10-31,123,5062.76587484068,136.45631999999998,200.26953,136.45631999999998,200.47,323071.3419520422,29.735345831658165,54.34116174409877,84.07650757575693,322987.26544446644,0.467645690577029,entry_new,exit_rank_or_left_ndx,CLOSED
298,MU,2025-10-31,2025-12-31,61,4089.820509276827,223.77485129999997,284.96105370000004,223.77485129999997,285.2463,250240.5854602833,20.449102546384136,53.52723256805768,73.97633511444181,250166.60912516885,0.2734275189751856,entry_new,exit_rank_or_left_ndx,CLOSED
299,APP,2025-09-30,2026-03-31,182,1282.6733131622902,719.2585399999999,397.602,398.0,398.0,-412580.2598621187,6.413366565811451,20.80410893134308,27.21747549715453,-412607.47733761586,-0.44720572938904557,entry_new,exit_rank_or_left_ndx,CLOSED
300,APP,2025-10-31,2026-03-31,151,154.63230354340328,637.96733,397.602,398.0,398.0,-37168.24466987029,1.0,2.5080332257715265,3.5080332257715265,-37171.75270309606,-0.3767674592365098,rebalance_add,exit_rank_or_left_ndx,CLOSED
301,APP,2025-12-31,2026-03-31,90,146.4469916545478,674.49382,397.602,398.0,398.0,-40549.97405275256,0.9999999999999998,2.3752729052555095,3.3752729052555095,-40553.349325657815,-0.41051794959366716,rebalance_add,exit_rank_or_left_ndx,CLOSED
302,WDC,2025-12-31,2026-03-31,90,1932.7759109457543,172.31484269999999,270.1490805,172.31484269999999,270.4195,189091.65808557862,9.663879554728771,24.50014661324213,34.1640261679709,189057.49405941064,0.5677644262504384,entry_new,rebalance_trim,CLOSED
303,WDC,2025-12-31,2026-04-30,120,104.04806255724529,172.31484269999999,433.9722933,172.31484269999999,434.4067,27224.95078859812,0.7561829534185776,2.2725525201191337,3.0287354735377114,27221.92205312458,1.5184846905820262,entry_new,rebalance_trim,CLOSED
304,MU,2026-03-31,2026-06-30,91,595.805806466972,338.12588809999994,1152.9583874999998,338.12588809999994,1154.1125,485481.9344405154,2.9790290323348594,22.174845388675237,25.153874421010098,485456.7805660944,2.4098494912019723,entry_new,rebalance_trim,CLOSED
OPEN_WDC_2025-12-31,WDC,2025-12-31,,191,4157.6146100365495,172.31484269999999,582.59,,,1705765.9881255238,30.972192917697743,0.0,30.972192917697743,1705735.015932606,2.380962376028679,entry_new,STILL_OPEN,OPEN
OPEN_WDC_2026-06-30,WDC,2026-06-30,,10,1073.374121940235,639.35872,582.59,,,-60934.074983670966,5.366870609701175,0.0,5.366870609701175,-60939.44185428067,-0.08879009267285809,rebalance_add,STILL_OPEN,OPEN
OPEN_MU_2026-03-31,MU,2026-03-31,,101,2807.425594849429,338.12588809999994,979.3,,,1800048.6125029123,17.016157006582006,0.0,17.016157006582006,1800031.5963459057,1.896258566603378,entry_new,STILL_OPEN,OPEN
OPEN_MU_2026-04-30,MU,2026-04-30,,71,89.36725256790585,517.5975804999999,979.3,,,41261.07673466972,1.0,0.0,1.0,41260.07673466972,0.8920103897201275,rebalance_add,STILL_OPEN,OPEN
